,Timestamp,Kategori Anda,Kategori Umur Anda,CaRek Pilihan,Alasan Memilih CaRek,Harapan Anda
131,9/1/2019 16:39:17,Alumni,> 40 th,Benyamin Sapiie (FITB),Kapabilitas ybs utk memajukan riset dan industri RI,Demi Agama Bangsa dan Almamater 
398,9/2/2019 17:12:27,Dosen,> 40 th,Benyamin Sapiie (FITB),Kecerdasan dan keberanian utk kemajuan ITB,ITB menjadi lebih dari sekarang 
510,9/2/2019 20:10:25,Alumni,25 - 40 th,Benyamin Sapiie (FITB),Kapabilitas ybs utk memajukan riset dan industri RI,
603,9/3/2019 6:08:25,Alumni,25 - 40 th,Benyamin Sapiie (FITB),Kapabilitas ybs utk memajukan riset dan industri RI,
648,9/3/2019 6:54:39,Alumni,25 - 40 th,Benyamin Sapiie (FITB),Kapabilitas ybs utk meningkatkan ranking ITB,Sesuai alasan memilih
675,9/3/2019 7:15:42,Dosen,> 40 th,Benyamin Sapiie (FITB),Keberhasilan dan prestasi,ITB menghasilkan lulusan yg berintegritas sangat tinggi
678,9/3/2019 7:17:09,Alumni,25 - 40 th,Benyamin Sapiie (FITB),Tipe yg futuristik dan outside-the-box yg bisa menangkap peluang masa depan,
730,9/3/2019 8:09:52,Alumni,25 - 40 th,Benyamin Sapiie (FITB),Tipe yg futuristik dan outside-the-box yg bisa menangkap peluang masa depan,Pak Mino sebagai kandidat diharapkan mampu memberikan visi dan misi yang kompetitif dan sinergis 
734,9/3/2019 8:14:10,Alumni,> 40 th,Benyamin Sapiie (FITB),Kecerdasan dan keberanian utk kemajuan ITB,"Dengan kapabilitas, network, dan idealisme yg dimiliki Benyamin, maka 12 alasan diatas dapat tercapai."
768,9/3/2019 9:02:28,Alumni,25 - 40 th,Benyamin Sapiie (FITB),Muda dan berenergi,
805,9/3/2019 9:57:29,Alumni,> 40 th,Benyamin Sapiie (FITB),Muda dan berenergi,
826,9/3/2019 10:34:43,Alumni,> 40 th,Benyamin Sapiie (FITB),Kapabilitas ybs utk meningkatkan ranking ITB,ITB masuk rank 5 besar PT terbaik di Asia
839,9/3/2019 10:57:39,Alumni,25 - 40 th,Benyamin Sapiie (FITB),Kecerdasan dan keberanian utk kemajuan ITB,
936,9/3/2019 13:07:21,Umum,> 40 th,Benyamin Sapiie (FITB),"Mendatangkan dana riset dan kerjasama eksternal, dalam dan luar negeri","Mahasiswa itb lebih kreatif, dinamis, progresif, karena pintar dan religius adalah gambaran mahasiswa Itb. "
1187,9/3/2019 16:35:58,Alumni,25 - 40 th,Benyamin Sapiie (FITB),Tipe yg futuristik dan outside-the-box yg bisa menangkap peluang masa depan,
1707,9/5/2019 21:31:57,Alumni,> 40 th,Benyamin Sapiie (FITB),Keberhasilan dan prestasi,
1708,9/5/2019 21:36:59,Alumni,25 - 40 th,Benyamin Sapiie (FITB),Kapabilitas ybs utk memajukan riset dan industri RI,
1709,9/5/2019 21:37:19,Alumni,25 - 40 th,Benyamin Sapiie (FITB),Tipe yg futuristik dan outside-the-box yg bisa menangkap peluang masa depan,
1710,9/5/2019 21:38:01,Alumni,25 - 40 th,Benyamin Sapiie (FITB),"Mendatangkan dana riset dan kerjasama eksternal, dalam dan luar negeri",
1711,9/5/2019 21:39:08,Alumni,> 40 th,Benyamin Sapiie (FITB),Kecerdasan dan keberanian utk kemajuan ITB,
1712,9/5/2019 21:39:52,Umum,> 40 th,Benyamin Sapiie (FITB),Keberhasilan dan prestasi,
1714,9/5/2019 21:43:28,Alumni,25 - 40 th,Benyamin Sapiie (FITB),Karakter kepemimpinan dan leadership,
1715,9/5/2019 21:43:43,Alumni,> 40 th,Benyamin Sapiie (FITB),Sesuai dengan kriteria kekinian (Rektor 4.0),
1716,9/5/2019 21:50:58,Alumni,25 - 40 th,Benyamin Sapiie (FITB),Kecerdasan dan keberanian utk kemajuan ITB,Rektor terpilih dapat meningkatkan kualitas lulusan ITB di tingkat global
1718,9/5/2019 22:00:27,Alumni,25 - 40 th,Benyamin Sapiie (FITB),Kecerdasan dan keberanian utk kemajuan ITB,
1719,9/5/2019 22:04:52,Dosen,> 40 th,Benyamin Sapiie (FITB),Muda dan berenergi,
1720,9/5/2019 22:05:34,Alumni,25 - 40 th,Benyamin Sapiie (FITB),Muda dan berenergi,
1721,9/5/2019 22:08:21,Alumni,> 40 th,Benyamin Sapiie (FITB),Kecerdasan dan keberanian utk kemajuan ITB,lulusan ITB siap secara mental dan kemampuan dalam memajukan bangsa Indonesia
1722,9/5/2019 22:37:14,Alumni,25 - 40 th,Benyamin Sapiie (FITB),Karakter kepemimpinan dan leadership,Musyawarah Mufakat
1723,9/5/2019 22:38:00,Mahasiswa,< 25 th,Benyamin Sapiie (FITB),Program ybs utk peningkatan income dan kesejahteraan dosen / pegawai,
1725,9/5/2019 23:06:06,Alumni,> 40 th,Benyamin Sapiie (FITB),Kapabilitas ybs utk memajukan riset dan industri RI,
1726,9/6/2019 0:17:46,Pegawai / Tendik,25 - 40 th,Benyamin Sapiie (FITB),Muda dan berenergi,
1736,9/6/2019 4:42:41,Alumni,25 - 40 th,Benyamin Sapiie (FITB),Tipe yg futuristik dan outside-the-box yg bisa menangkap peluang masa depan,"M-odern
I-novatif
N-asionalis
O-lahragawan"
1737,9/6/2019 4:43:29,Alumni,25 - 40 th,Benyamin Sapiie (FITB),Kapabilitas ybs utk memajukan riset dan industri RI,"M-odern
I-novatif
N-asionalis
O-lahragawan"
1738,9/6/2019 4:49:06,Alumni,> 40 th,Benyamin Sapiie (FITB),Kecerdasan dan keberanian utk kemajuan ITB,ITB bisa mnciptakan alumni yg punya mental siap untuk maju
1739,9/6/2019 5:09:46,Dosen,> 40 th,Benyamin Sapiie (FITB),Program ybs utk peningkatan income dan kesejahteraan dosen / pegawai,Kemudahan naik pangkat dan jabatan
1740,9/6/2019 5:18:32,Alumni,> 40 th,Benyamin Sapiie (FITB),Keberhasilan dan prestasi,Membawa ITB menjadi perguruhan tinggi teknik kelas dunia.
1741,9/6/2019 5:22:07,Alumni,25 - 40 th,Benyamin Sapiie (FITB),Sesuai dengan kriteria kekinian (Rektor 4.0),ITB semakin cepat maju dan berkembang
1744,9/6/2019 5:55:52,Alumni,25 - 40 th,Benyamin Sapiie (FITB),"Mendatangkan dana riset dan kerjasama eksternal, dalam dan luar negeri","ITB setara dengan kampus luar negeri, dan lulusannya juga berakhlak baik."
1745,9/6/2019 5:57:20,Alumni,> 40 th,Benyamin Sapiie (FITB),Kapabilitas ybs utk meningkatkan ranking ITB,
1746,9/6/2019 5:58:40,Alumni,25 - 40 th,Benyamin Sapiie (FITB),Keberhasilan dan prestasi,
1747,9/6/2019 6:45:48,Dosen,25 - 40 th,Benyamin Sapiie (FITB),Keberhasilan dan prestasi,
1748,9/6/2019 7:01:34,Dosen,> 40 th,Benyamin Sapiie (FITB),"Mendatangkan dana riset dan kerjasama eksternal, dalam dan luar negeri",Mengurangi dominasi pemeringkatan saat mengukur kinerja pada semua level.
1750,9/6/2019 7:02:28,Dosen,> 40 th,Benyamin Sapiie (FITB),Kecerdasan dan keberanian utk kemajuan ITB,
1751,9/6/2019 7:11:49,Alumni,> 40 th,Benyamin Sapiie (FITB),Kapabilitas ybs utk meningkatkan ranking ITB,Pak Mino berhasil menjadi Rektor ITB yang baru
1753,9/6/2019 7:42:12,Dosen,> 40 th,Benyamin Sapiie (FITB),Tipe yg futuristik dan outside-the-box yg bisa menangkap peluang masa depan,memberikan peningkatan yg signifikan dalam segala hal
1768,9/6/2019 14:04:01,Dosen,25 - 40 th,Benyamin Sapiie (FITB),Karakter kepemimpinan dan leadership,Pak Mino jadi rektor
1771,9/6/2019 18:10:23,Alumni,> 40 th,Benyamin Sapiie (FITB),Kapabilitas ybs utk memajukan riset dan industri RI,
1845,9/10/2019 10:48:43,Alumni,> 40 th,Benyamin Sapiie (FITB),Akhlak dan budi pekerti,"ITB semakin maju di bawah kepemimpinan om Mino, josss"
1846,9/10/2019 11:33:20,Alumni,25 - 40 th,Benyamin Sapiie (FITB),Keberhasilan dan prestasi,
379,9/2/2019 16:42:15,Alumni,> 40 th,Bramantyo (Direktur PPM Manajemen),Kapabilitas ybs utk meningkatkan ranking ITB,Bramantyo memiliki keahlian teknik dan bisnis sehingga mampu membawa ITB menuju masa depan yang lebih baik
380,9/2/2019 16:43:37,Alumni,> 40 th,Bramantyo (Direktur PPM Manajemen),Kecerdasan dan keberanian utk kemajuan ITB,
381,9/2/2019 16:44:25,Dosen,> 40 th,Bramantyo (Direktur PPM Manajemen),Keberhasilan dan prestasi,"ITB akan benar2 menjadi world class university, terkemuka di dunia atau setidaknya di Asia"
383,9/2/2019 16:47:49,Alumni,25 - 40 th,Bramantyo (Direktur PPM Manajemen),Tipe yg futuristik dan outside-the-box yg bisa menangkap peluang masa depan,
392,9/2/2019 17:06:14,Umum,> 40 th,Bramantyo (Direktur PPM Manajemen),Tipe yg futuristik dan outside-the-box yg bisa menangkap peluang masa depan,Semoga terpilih
393,9/2/2019 17:06:51,Dosen,> 40 th,Bramantyo (Direktur PPM Manajemen),Program ybs utk peningkatan income dan kesejahteraan dosen / pegawai,
399,9/2/2019 17:12:37,Alumni,> 40 th,Bramantyo (Direktur PPM Manajemen),Kapabilitas ybs utk memajukan riset dan industri RI,
400,9/2/2019 17:13:52,Alumni,> 40 th,Bramantyo (Direktur PPM Manajemen),Kapabilitas ybs utk memajukan riset dan industri RI,
401,9/2/2019 17:14:42,Alumni,> 40 th,Bramantyo (Direktur PPM Manajemen),Tipe yg futuristik dan outside-the-box yg bisa menangkap peluang masa depan,Harapan saya ITB bisa naik peringkatnya top 10 Asia
403,9/2/2019 17:16:39,Umum,> 40 th,Bramantyo (Direktur PPM Manajemen),Sesuai dengan kriteria kekinian (Rektor 4.0),Kekinian adalah jalur pimpinan managemen maju menuju masa depan yg cemerlang bagi institusi yg dipimpin.
405,9/2/2019 17:19:30,Umum,> 40 th,Bramantyo (Direktur PPM Manajemen),Muda dan berenergi,Jadilah pelopor untuk sukses Indonesia
408,9/2/2019 17:29:13,Alumni,> 40 th,Bramantyo (Direktur PPM Manajemen),Hobby lari,"Wajib JUJUR, ANTI KKN"
414,9/2/2019 17:43:16,Alumni,> 40 th,Bramantyo (Direktur PPM Manajemen),Karakter kepemimpinan dan leadership,
417,9/2/2019 17:46:31,Umum,> 40 th,Bramantyo (Direktur PPM Manajemen),Muda dan berenergi,ITB jadi Pelopor kemajuan Indonesia
420,9/2/2019 17:47:51,Umum,> 40 th,Bramantyo (Direktur PPM Manajemen),Muda dan berenergi,Jadilah pioneer kemajuan Indonesia
423,9/2/2019 17:51:10,Alumni,> 40 th,Bramantyo (Direktur PPM Manajemen),Kapabilitas ybs utk meningkatkan ranking ITB,
429,9/2/2019 17:54:21,Alumni,> 40 th,Bramantyo (Direktur PPM Manajemen),Tipe yg futuristik dan outside-the-box yg bisa menangkap peluang masa depan,
459,9/2/2019 18:31:29,Umum,> 40 th,Bramantyo (Direktur PPM Manajemen),Karakter kepemimpinan dan leadership,
521,9/2/2019 20:25:55,Alumni,> 40 th,Bramantyo (Direktur PPM Manajemen),Kapabilitas ybs utk memajukan riset dan industri RI,
536,9/2/2019 20:58:23,Alumni,> 40 th,Bramantyo (Direktur PPM Manajemen),Kapabilitas ybs utk meningkatkan ranking ITB,Semoga terpilih 
548,9/2/2019 21:25:01,Alumni,> 40 th,Bramantyo (Direktur PPM Manajemen),Keberhasilan dan prestasi,ITB lbh fokus
578,9/3/2019 4:24:53,Umum,> 40 th,Bramantyo (Direktur PPM Manajemen),Program ybs utk peningkatan income dan kesejahteraan dosen / pegawai,
630,9/3/2019 6:32:26,Umum,< 25 th,Bramantyo (Direktur PPM Manajemen),Karakter kepemimpinan dan leadership,
632,9/3/2019 6:35:11,Alumni,> 40 th,Bramantyo (Direktur PPM Manajemen),Muda dan berenergi,Bramantyo terpilih sebagai rektor ITB
710,9/3/2019 7:42:15,Alumni,> 40 th,Bramantyo (Direktur PPM Manajemen),"Mendatangkan dana riset dan kerjasama eksternal, dalam dan luar negeri",Pengetahuan dan pengalammnya  soal manajemen khususnya keuangan sangat dibutuhkan itb ke depan untuk menjadi kampus tingkat global
715,9/3/2019 7:49:31,Pegawai / Tendik,25 - 40 th,Bramantyo (Direktur PPM Manajemen),Kecerdasan dan keberanian utk kemajuan ITB,ITB lebih maju 
759,9/3/2019 8:50:52,Umum,> 40 th,Bramantyo (Direktur PPM Manajemen),Sesuai dengan kriteria kekinian (Rektor 4.0),"Dng kapabilitas ybs sbg manager LPPM dan ybs masih muda , enegik yg dpt merangkul semua kalangan shg ITB kedepan lebih maju dng tenaga2 yg handal shg dpt mencetak kader bangsa yg mumpuni "
769,9/3/2019 9:02:57,Alumni,> 40 th,Bramantyo (Direktur PPM Manajemen),Keberhasilan dan prestasi,ITB bisa lebih berprestasi di kancah dunia 
811,9/3/2019 10:17:07,Alumni,> 40 th,Bramantyo (Direktur PPM Manajemen),Karakter kepemimpinan dan leadership,Itb semakin maju dan berkualitas dengan akhlak yg baik
824,9/3/2019 10:29:15,Alumni,> 40 th,Bramantyo (Direktur PPM Manajemen),Muda dan berenergi,ITB lebih maju
833,9/3/2019 10:48:35,Umum,> 40 th,Bramantyo (Direktur PPM Manajemen),Keberhasilan dan prestasi,Bersama Bramantyo ITB lebih banyak menciptakan insan muda yg cerdas berbakat dan beraklak.
841,9/3/2019 10:58:06,Alumni,< 25 th,Bramantyo (Direktur PPM Manajemen),"Mendatangkan dana riset dan kerjasama eksternal, dalam dan luar negeri",
890,9/3/2019 11:44:53,Umum,> 40 th,Bramantyo (Direktur PPM Manajemen),Muda dan berenergi,Jadilah pionir dikti
914,9/3/2019 12:07:40,Umum,> 40 th,Bramantyo (Direktur PPM Manajemen),Keberhasilan dan prestasi,Agar ITB lebih maju dan berprestasi  lagi terus menerus
917,9/3/2019 12:15:12,Mahasiswa,< 25 th,Bramantyo (Direktur PPM Manajemen),Keberhasilan dan prestasi,ITB semakin sukses mendunia
924,9/3/2019 12:29:08,Umum,> 40 th,Bramantyo (Direktur PPM Manajemen),Kapabilitas ybs utk meningkatkan ranking ITB,"Smg dpt membuat ITB lbh dari yg sekarang, aamiin"
1011,9/3/2019 13:50:51,Mahasiswa,< 25 th,Bramantyo (Direktur PPM Manajemen),Kecerdasan dan keberanian utk kemajuan ITB,
1024,9/3/2019 13:55:04,Umum,< 25 th,Bramantyo (Direktur PPM Manajemen),"Emansipasi, kesetaraan dan kebhinekaan",ITB lebih maju dan sejahtera
1028,9/3/2019 13:55:42,Pegawai / Tendik,< 25 th,Bramantyo (Direktur PPM Manajemen),Kecerdasan dan keberanian utk kemajuan ITB,
1069,9/3/2019 14:35:49,Umum,< 25 th,Bramantyo (Direktur PPM Manajemen),Karakter kepemimpinan dan leadership,
1579,9/4/2019 15:26:16,Alumni,25 - 40 th,Bramantyo (Direktur PPM Manajemen),Keberhasilan dan prestasi,Pengalaman mengelola PPM akan membawa ITB menjadi lebih maju
2012,9/16/2019 17:14:53,Umum,< 25 th,Bramantyo (Direktur PPM Manajemen),Kecerdasan dan keberanian utk kemajuan ITB,
11,9/1/2019 11:41:27,Dosen,> 40 th,Dwi Larso (SBM / President Univ),Karakter kepemimpinan dan leadership,
121,9/1/2019 16:16:50,Dosen,> 40 th,Dwi Larso (SBM / President Univ),Tipe yg futuristik dan outside-the-box yg bisa menangkap peluang masa depan,
174,9/1/2019 18:04:02,Alumni,> 40 th,Dwi Larso (SBM / President Univ),Tipe yg futuristik dan outside-the-box yg bisa menangkap peluang masa depan,ITB bisa lebih maju dan berkembang dibawah rektor yg baru 
209,9/1/2019 20:57:31,Umum,< 25 th,Dwi Larso (SBM / President Univ),Keberhasilan dan prestasi,
218,9/1/2019 21:54:37,Alumni,> 40 th,Dwi Larso (SBM / President Univ),Kecerdasan dan keberanian utk kemajuan ITB,Semoga ITB maju dengan cepat
225,9/2/2019 0:16:31,Dosen,> 40 th,Dwi Larso (SBM / President Univ),Tipe yg futuristik dan outside-the-box yg bisa menangkap peluang masa depan,Menjadikan ITB yang utama bersama dan berperan penting dalam memajukan Indonesia sebagai bangsa terpandang di mata dunia.
226,9/2/2019 0:17:05,Alumni,25 - 40 th,Dwi Larso (SBM / President Univ),Kapabilitas ybs utk meningkatkan ranking ITB,Semoga ITB semakin terdepan
241,9/2/2019 8:12:32,Umum,> 40 th,Dwi Larso (SBM / President Univ),"Emansipasi, kesetaraan dan kebhinekaan","Semoga emansipasi, kesetaraan dan kebhinekaan benar diperjuangkan"
250,9/2/2019 8:34:53,Alumni,> 40 th,Dwi Larso (SBM / President Univ),"Mendatangkan dana riset dan kerjasama eksternal, dalam dan luar negeri",Membawa ITB lebih maju dan lebih terbuka
353,9/2/2019 15:30:02,Alumni,> 40 th,Dwi Larso (SBM / President Univ),Kecerdasan dan keberanian utk kemajuan ITB,
864,9/3/2019 11:18:03,Pegawai / Tendik,25 - 40 th,Dwi Larso (SBM / President Univ),Program ybs utk peningkatan income dan kesejahteraan dosen / pegawai,"semoga bisa membawa kesejahteraan untuk pegawai/tendik, sehingga tendik lebih termotivasi untuk bekerja lebih semangat.."
1831,9/9/2019 12:09:39,Dosen,> 40 th,Dwi Larso (SBM / President Univ),Kecerdasan dan keberanian utk kemajuan ITB,Membuat maju ITB
84,9/1/2019 15:05:35,Alumni,25 - 40 th,Edy Tri Baskoro (FMIPA-MA),Karakter kepemimpinan dan leadership,Semoga ITB senantiasa menjadi Perguruan tinggi terbaik
187,9/1/2019 18:34:36,Dosen,> 40 th,Edy Tri Baskoro (FMIPA-MA),Kapabilitas ybs utk meningkatkan ranking ITB,
219,9/1/2019 22:09:01,Mahasiswa,< 25 th,Edy Tri Baskoro (FMIPA-MA),Keberhasilan dan prestasi,
249,9/2/2019 8:34:46,Dosen,25 - 40 th,Edy Tri Baskoro (FMIPA-MA),Keberhasilan dan prestasi,
254,9/2/2019 8:40:04,Mahasiswa,< 25 th,Edy Tri Baskoro (FMIPA-MA),Sesuai dengan kriteria kekinian (Rektor 4.0),Semoga terpilih pak
255,9/2/2019 8:40:24,Mahasiswa,< 25 th,Edy Tri Baskoro (FMIPA-MA),Kecerdasan dan keberanian utk kemajuan ITB,Untuk ITB yang jauh lebih baik
256,9/2/2019 8:40:42,Mahasiswa,< 25 th,Edy Tri Baskoro (FMIPA-MA),"Emansipasi, kesetaraan dan kebhinekaan",
325,9/2/2019 14:41:47,Alumni,> 40 th,Edy Tri Baskoro (FMIPA-MA),Karakter kepemimpinan dan leadership,
355,9/2/2019 15:36:31,Mahasiswa,< 25 th,Edy Tri Baskoro (FMIPA-MA),Kecerdasan dan keberanian utk kemajuan ITB,
359,9/2/2019 15:50:19,Mahasiswa,< 25 th,Edy Tri Baskoro (FMIPA-MA),Kecerdasan dan keberanian utk kemajuan ITB,
360,9/2/2019 15:51:16,Mahasiswa,< 25 th,Edy Tri Baskoro (FMIPA-MA),Tipe yg futuristik dan outside-the-box yg bisa menangkap peluang masa depan,.
361,9/2/2019 15:51:42,Dosen,> 40 th,Edy Tri Baskoro (FMIPA-MA),Sesuai dengan kriteria kekinian (Rektor 4.0),Meningkatkan peringkat ITB
362,9/2/2019 15:51:46,Mahasiswa,< 25 th,Edy Tri Baskoro (FMIPA-MA),Kapabilitas ybs utk memajukan riset dan industri RI,
363,9/2/2019 15:52:48,Dosen,> 40 th,Edy Tri Baskoro (FMIPA-MA),Sesuai dengan kriteria kekinian (Rektor 4.0),Organisasi ITB yg lbh baik
364,9/2/2019 15:57:06,Mahasiswa,< 25 th,Edy Tri Baskoro (FMIPA-MA),Keberhasilan dan prestasi,
365,9/2/2019 16:01:49,Mahasiswa,< 25 th,Edy Tri Baskoro (FMIPA-MA),Keberhasilan dan prestasi,Semoga kedepannya ITB bisa menjadi kampus terbaik dan lebih berprestasi lagi serta menghasilkan bibit-bibit unggul pembangun bangsa
366,9/2/2019 16:03:01,Dosen,25 - 40 th,Edy Tri Baskoro (FMIPA-MA),Karakter kepemimpinan dan leadership,ITB rukun
370,9/2/2019 16:09:59,Mahasiswa,< 25 th,Edy Tri Baskoro (FMIPA-MA),Kapabilitas ybs utk memajukan riset dan industri RI,
372,9/2/2019 16:17:52,Mahasiswa,< 25 th,Edy Tri Baskoro (FMIPA-MA),Sesuai dengan kriteria kekinian (Rektor 4.0),
373,9/2/2019 16:17:55,Mahasiswa,< 25 th,Edy Tri Baskoro (FMIPA-MA),Kecerdasan dan keberanian utk kemajuan ITB,
374,9/2/2019 16:18:11,Mahasiswa,< 25 th,Edy Tri Baskoro (FMIPA-MA),Sesuai dengan kriteria kekinian (Rektor 4.0),Pak Edy dapat mengakomodir riset2 baru untuk meningkatkan kualitas dan mutu pendidikan di itb 
376,9/2/2019 16:20:21,Dosen,> 40 th,Edy Tri Baskoro (FMIPA-MA),Kapabilitas ybs utk memajukan riset dan industri RI,"ITB harus lbh maju lagi, jangan sampai dikalahkan oleh univ swasta atau LN di Indonesia."
377,9/2/2019 16:21:33,Dosen,> 40 th,Edy Tri Baskoro (FMIPA-MA),Karakter kepemimpinan dan leadership,
384,9/2/2019 16:50:23,Dosen,> 40 th,Edy Tri Baskoro (FMIPA-MA),Karakter kepemimpinan dan leadership,Itb tetap no 1 dan bermanfaat unt bangsa
386,9/2/2019 16:59:30,Mahasiswa,< 25 th,Edy Tri Baskoro (FMIPA-MA),Kapabilitas ybs utk memajukan riset dan industri RI,
388,9/2/2019 17:00:44,Dosen,> 40 th,Edy Tri Baskoro (FMIPA-MA),Keberhasilan dan prestasi,Dapat yang terbaik
407,9/2/2019 17:28:42,Dosen,25 - 40 th,Edy Tri Baskoro (FMIPA-MA),Program ybs utk peningkatan income dan kesejahteraan dosen / pegawai,
409,9/2/2019 17:29:38,Dosen,> 40 th,Edy Tri Baskoro (FMIPA-MA),Keberhasilan dan prestasi,
410,9/2/2019 17:34:09,Dosen,> 40 th,Edy Tri Baskoro (FMIPA-MA),Sesuai dengan kriteria kekinian (Rektor 4.0),
424,9/2/2019 17:51:42,Alumni,< 25 th,Edy Tri Baskoro (FMIPA-MA),Keberhasilan dan prestasi,
425,9/2/2019 17:52:22,Mahasiswa,< 25 th,Edy Tri Baskoro (FMIPA-MA),Sesuai dengan kriteria kekinian (Rektor 4.0),
426,9/2/2019 17:52:53,Alumni,< 25 th,Edy Tri Baskoro (FMIPA-MA),Kecerdasan dan keberanian utk kemajuan ITB,
427,9/2/2019 17:53:11,Mahasiswa,< 25 th,Edy Tri Baskoro (FMIPA-MA),Keberhasilan dan prestasi,
428,9/2/2019 17:54:00,Alumni,> 40 th,Edy Tri Baskoro (FMIPA-MA),Karakter kepemimpinan dan leadership,Rektor ITB bukan orang asing
432,9/2/2019 18:05:33,Dosen,25 - 40 th,Edy Tri Baskoro (FMIPA-MA),Keberhasilan dan prestasi,Semoga Pak Edy berkesempatan mewujudkan cita-cita Beliau untuk memajukan ITB. 
433,9/2/2019 18:06:50,Alumni,> 40 th,Edy Tri Baskoro (FMIPA-MA),Keberhasilan dan prestasi,
434,9/2/2019 18:07:53,Dosen,> 40 th,Edy Tri Baskoro (FMIPA-MA),Keberhasilan dan prestasi,ITB 10 besar Asia
435,9/2/2019 18:10:44,Alumni,> 40 th,Edy Tri Baskoro (FMIPA-MA),Karakter kepemimpinan dan leadership,
436,9/2/2019 18:12:08,Alumni,> 40 th,Edy Tri Baskoro (FMIPA-MA),Karakter kepemimpinan dan leadership,ITB makin jaya
437,9/2/2019 18:12:09,Mahasiswa,25 - 40 th,Edy Tri Baskoro (FMIPA-MA),Kapabilitas ybs utk memajukan riset dan industri RI,
438,9/2/2019 18:13:03,Mahasiswa,25 - 40 th,Edy Tri Baskoro (FMIPA-MA),Tipe yg futuristik dan outside-the-box yg bisa menangkap peluang masa depan,Semoga terpilih menjadi rektor ITB Pak Edy Tri Baskoro
440,9/2/2019 18:13:32,Dosen,> 40 th,Edy Tri Baskoro (FMIPA-MA),Kecerdasan dan keberanian utk kemajuan ITB,
442,9/2/2019 18:17:32,Mahasiswa,< 25 th,Edy Tri Baskoro (FMIPA-MA),Keberhasilan dan prestasi,Semoga ITB lebih baik lagi
445,9/2/2019 18:18:53,Dosen,25 - 40 th,Edy Tri Baskoro (FMIPA-MA),Keberhasilan dan prestasi,
446,9/2/2019 18:20:28,Mahasiswa,< 25 th,Edy Tri Baskoro (FMIPA-MA),Tipe yg futuristik dan outside-the-box yg bisa menangkap peluang masa depan,
447,9/2/2019 18:22:14,Dosen,< 25 th,Edy Tri Baskoro (FMIPA-MA),Karakter kepemimpinan dan leadership,"Semoga ITB semakin maju di Asia, Dunia"
449,9/2/2019 18:22:39,Alumni,> 40 th,Edy Tri Baskoro (FMIPA-MA),Karakter kepemimpinan dan leadership,
450,9/2/2019 18:24:45,Mahasiswa,25 - 40 th,Edy Tri Baskoro (FMIPA-MA),Kapabilitas ybs utk meningkatkan ranking ITB,
452,9/2/2019 18:25:34,Alumni,25 - 40 th,Edy Tri Baskoro (FMIPA-MA),Karakter kepemimpinan dan leadership,
453,9/2/2019 18:27:16,Mahasiswa,< 25 th,Edy Tri Baskoro (FMIPA-MA),Akhlak dan budi pekerti,Semoga siapapun yang terpilih bisa amanah
456,9/2/2019 18:29:32,Mahasiswa,< 25 th,Edy Tri Baskoro (FMIPA-MA),Keberhasilan dan prestasi,
457,9/2/2019 18:30:12,Mahasiswa,25 - 40 th,Edy Tri Baskoro (FMIPA-MA),Keberhasilan dan prestasi,ITB tetap menjadi kampus terbaik dan favorit di indonesia. Dan semakin terdepan
458,9/2/2019 18:30:33,Dosen,25 - 40 th,Edy Tri Baskoro (FMIPA-MA),Keberhasilan dan prestasi,ITB jadi lebih maju tidak hanya dr segi pendidikannya tapi di segala aspek
465,9/2/2019 18:37:20,Dosen,> 40 th,Edy Tri Baskoro (FMIPA-MA),Kecerdasan dan keberanian utk kemajuan ITB,ITB lebih maju
468,9/2/2019 18:42:10,Alumni,> 40 th,Edy Tri Baskoro (FMIPA-MA),Keberhasilan dan prestasi,
469,9/2/2019 18:43:57,Dosen,> 40 th,Edy Tri Baskoro (FMIPA-MA),Keberhasilan dan prestasi,
470,9/2/2019 18:44:05,Mahasiswa,< 25 th,Edy Tri Baskoro (FMIPA-MA),Kecerdasan dan keberanian utk kemajuan ITB,
473,9/2/2019 18:48:02,Alumni,25 - 40 th,Edy Tri Baskoro (FMIPA-MA),Keberhasilan dan prestasi,Itb semakin berprestasi
475,9/2/2019 18:51:48,Pegawai / Tendik,> 40 th,Edy Tri Baskoro (FMIPA-MA),Karakter kepemimpinan dan leadership,Semoga Beliau terpilih
476,9/2/2019 18:52:43,Alumni,> 40 th,Edy Tri Baskoro (FMIPA-MA),Kapabilitas ybs utk memajukan riset dan industri RI,
478,9/2/2019 18:57:55,Umum,25 - 40 th,Edy Tri Baskoro (FMIPA-MA),Kapabilitas ybs utk meningkatkan ranking ITB,Semoga ITB Lebih baik. Amiin
480,9/2/2019 19:08:09,Alumni,> 40 th,Edy Tri Baskoro (FMIPA-MA),Keberhasilan dan prestasi,ITB makin maju
481,9/2/2019 19:08:46,Alumni,> 40 th,Edy Tri Baskoro (FMIPA-MA),Karakter kepemimpinan dan leadership,Smga Prof. Edy dapat terpilih mjd rektor ITB.
485,9/2/2019 19:15:47,Dosen,> 40 th,Edy Tri Baskoro (FMIPA-MA),Tipe yg futuristik dan outside-the-box yg bisa menangkap peluang masa depan,"Semoga pak Edy Baskoro yg terpilih sebagai rektor ITB, aamiin."
487,9/2/2019 19:18:54,Dosen,> 40 th,Edy Tri Baskoro (FMIPA-MA),Karakter kepemimpinan dan leadership,Semoga beliau bisa terpilih menjadi rektor ITB
498,9/2/2019 19:49:52,Alumni,> 40 th,Edy Tri Baskoro (FMIPA-MA),Tipe yg futuristik dan outside-the-box yg bisa menangkap peluang masa depan,ITB yang lebih baik dan lulusan yang siap kerja
499,9/2/2019 19:53:36,Alumni,> 40 th,Edy Tri Baskoro (FMIPA-MA),Sesuai dengan kriteria kekinian (Rektor 4.0),
501,9/2/2019 19:54:42,Umum,> 40 th,Edy Tri Baskoro (FMIPA-MA),Kecerdasan dan keberanian utk kemajuan ITB,
505,9/2/2019 20:04:56,Alumni,> 40 th,Edy Tri Baskoro (FMIPA-MA),Satu jurusan,ITB jaya
506,9/2/2019 20:04:58,Alumni,> 40 th,Edy Tri Baskoro (FMIPA-MA),Karakter kepemimpinan dan leadership,
509,9/2/2019 20:09:26,Alumni,> 40 th,Edy Tri Baskoro (FMIPA-MA),Kapabilitas ybs utk meningkatkan ranking ITB,Mas Edy bisa sukses mengembangkan ITB supaya lebih tinggi rakingnya di dunia.
516,9/2/2019 20:17:07,Alumni,25 - 40 th,Edy Tri Baskoro (FMIPA-MA),"Mendatangkan dana riset dan kerjasama eksternal, dalam dan luar negeri",Semoga ITB semakin maju
520,9/2/2019 20:24:49,Alumni,> 40 th,Edy Tri Baskoro (FMIPA-MA),Akhlak dan budi pekerti,
522,9/2/2019 20:34:40,Dosen,> 40 th,Edy Tri Baskoro (FMIPA-MA),Karakter kepemimpinan dan leadership,
527,9/2/2019 20:48:34,Alumni,> 40 th,Edy Tri Baskoro (FMIPA-MA),Keberhasilan dan prestasi,.
528,9/2/2019 20:49:00,Alumni,> 40 th,Edy Tri Baskoro (FMIPA-MA),Keberhasilan dan prestasi,.
529,9/2/2019 20:49:05,Dosen,> 40 th,Edy Tri Baskoro (FMIPA-MA),Keberhasilan dan prestasi,
530,9/2/2019 20:49:19,Alumni,25 - 40 th,Edy Tri Baskoro (FMIPA-MA),Kecerdasan dan keberanian utk kemajuan ITB,
531,9/2/2019 20:50:57,Mahasiswa,< 25 th,Edy Tri Baskoro (FMIPA-MA),Kapabilitas ybs utk meningkatkan ranking ITB,
532,9/2/2019 20:51:41,Alumni,25 - 40 th,Edy Tri Baskoro (FMIPA-MA),Tipe yg futuristik dan outside-the-box yg bisa menangkap peluang masa depan,Ranking ITB di Internasional meningkat
540,9/2/2019 21:03:15,Alumni,> 40 th,Edy Tri Baskoro (FMIPA-MA),Kecerdasan dan keberanian utk kemajuan ITB,
542,9/2/2019 21:08:28,Dosen,> 40 th,Edy Tri Baskoro (FMIPA-MA),Keberhasilan dan prestasi,Prof Edy Tri Baskoro membawa ITB lebih baik. Pilihlah beliau 
544,9/2/2019 21:11:17,Umum,> 40 th,Edy Tri Baskoro (FMIPA-MA),Kecerdasan dan keberanian utk kemajuan ITB,
545,9/2/2019 21:15:48,Alumni,> 40 th,Edy Tri Baskoro (FMIPA-MA),Muda dan berenergi,
547,9/2/2019 21:24:18,Umum,> 40 th,Edy Tri Baskoro (FMIPA-MA),Muda dan berenergi,Edi Try Baskoro
550,9/2/2019 21:29:12,Alumni,25 - 40 th,Edy Tri Baskoro (FMIPA-MA),Keberhasilan dan prestasi,
552,9/2/2019 21:32:04,Alumni,25 - 40 th,Edy Tri Baskoro (FMIPA-MA),Kapabilitas ybs utk memajukan riset dan industri RI,
553,9/2/2019 21:35:26,Dosen,25 - 40 th,Edy Tri Baskoro (FMIPA-MA),Sesuai dengan kriteria kekinian (Rektor 4.0),ETB4ITB
555,9/2/2019 21:44:39,Dosen,25 - 40 th,Edy Tri Baskoro (FMIPA-MA),"Mendatangkan dana riset dan kerjasama eksternal, dalam dan luar negeri",
562,9/2/2019 22:10:30,Dosen,25 - 40 th,Edy Tri Baskoro (FMIPA-MA),Keberhasilan dan prestasi,
564,9/2/2019 22:20:40,Alumni,> 40 th,Edy Tri Baskoro (FMIPA-MA),Kecerdasan dan keberanian utk kemajuan ITB,itb menjadi 100 besar
566,9/2/2019 22:24:31,Mahasiswa,< 25 th,Edy Tri Baskoro (FMIPA-MA),Keberhasilan dan prestasi,"Semoga ITB menjadi kampus yg lebih baik. Meningkatnya ranking itb di dunia. Bisa menambah kerjasama dengan banyak univ diluar sana, dan hal2 baik lainnya."
567,9/2/2019 22:25:52,Dosen,> 40 th,Edy Tri Baskoro (FMIPA-MA),Keberhasilan dan prestasi,IITB lebih mendunia
574,9/3/2019 0:59:38,Dosen,> 40 th,Edy Tri Baskoro (FMIPA-MA),Keberhasilan dan prestasi,ITB lebih sukses dipimpin pak Eddy
577,9/3/2019 4:24:43,Umum,> 40 th,Edy Tri Baskoro (FMIPA-MA),Tipe yg futuristik dan outside-the-box yg bisa menangkap peluang masa depan,
580,9/3/2019 4:41:32,Umum,25 - 40 th,Edy Tri Baskoro (FMIPA-MA),Kapabilitas ybs utk meningkatkan ranking ITB,
585,9/3/2019 5:25:19,Umum,> 40 th,Edy Tri Baskoro (FMIPA-MA),Kecerdasan dan keberanian utk kemajuan ITB,
588,9/3/2019 5:34:31,Alumni,> 40 th,Edy Tri Baskoro (FMIPA-MA),Keberhasilan dan prestasi,
590,9/3/2019 5:42:46,Alumni,25 - 40 th,Edy Tri Baskoro (FMIPA-MA),Muda dan berenergi,
624,9/3/2019 6:30:15,Alumni,> 40 th,Edy Tri Baskoro (FMIPA-MA),Karakter kepemimpinan dan leadership,ITB tetap selalu menunjukkan kualitasnya
641,9/3/2019 6:45:55,Alumni,> 40 th,Edy Tri Baskoro (FMIPA-MA),Sesuai dengan kriteria kekinian (Rektor 4.0),Membuat ITB lebih maju dan menjadi the best one in Indonesia serta menjadi top ten di Asia dan top a hundred in the world .
657,9/3/2019 7:03:12,Alumni,25 - 40 th,Edy Tri Baskoro (FMIPA-MA),Muda dan berenergi,
669,9/3/2019 7:11:26,Alumni,25 - 40 th,Edy Tri Baskoro (FMIPA-MA),Tipe yg futuristik dan outside-the-box yg bisa menangkap peluang masa depan,
707,9/3/2019 7:38:48,Alumni,> 40 th,Edy Tri Baskoro (FMIPA-MA),Tipe yg futuristik dan outside-the-box yg bisa menangkap peluang masa depan,Bisa memajukan matematika indonesia di level internasional.....
712,9/3/2019 7:43:09,Alumni,> 40 th,Edy Tri Baskoro (FMIPA-MA),Sesuai dengan kriteria kekinian (Rektor 4.0),ITB makin sukses
729,9/3/2019 8:09:15,Alumni,> 40 th,Edy Tri Baskoro (FMIPA-MA),Kapabilitas ybs utk meningkatkan ranking ITB,
731,9/3/2019 8:10:16,Alumni,> 40 th,Edy Tri Baskoro (FMIPA-MA),Kecerdasan dan keberanian utk kemajuan ITB,
773,9/3/2019 9:13:59,Alumni,25 - 40 th,Edy Tri Baskoro (FMIPA-MA),Kapabilitas ybs utk meningkatkan ranking ITB,
787,9/3/2019 9:31:11,Dosen,> 40 th,Edy Tri Baskoro (FMIPA-MA),Keberhasilan dan prestasi,IITB lebih mendunia
899,9/3/2019 11:50:39,Pegawai / Tendik,25 - 40 th,Edy Tri Baskoro (FMIPA-MA),Tipe yg futuristik dan outside-the-box yg bisa menangkap peluang masa depan,
901,9/3/2019 11:53:28,Umum,25 - 40 th,Edy Tri Baskoro (FMIPA-MA),Keberhasilan dan prestasi,
904,9/3/2019 12:00:06,Dosen,> 40 th,Edy Tri Baskoro (FMIPA-MA),Keberhasilan dan prestasi,
905,9/3/2019 12:00:18,Alumni,> 40 th,Edy Tri Baskoro (FMIPA-MA),Akhlak dan budi pekerti,
1218,9/3/2019 17:26:48,Mahasiswa,< 25 th,Edy Tri Baskoro (FMIPA-MA),Muda dan berenergi,Dapat meluluskan pemuda-pemudi untuk kemajuan bangsa
1301,9/3/2019 18:57:18,Dosen,> 40 th,Edy Tri Baskoro (FMIPA-MA),Keberhasilan dan prestasi,ITB akan lebih baik
1302,9/3/2019 18:58:31,Dosen,> 40 th,Edy Tri Baskoro (FMIPA-MA),Akhlak dan budi pekerti,Semakin baik
1307,9/3/2019 19:03:53,Dosen,> 40 th,Edy Tri Baskoro (FMIPA-MA),Keberhasilan dan prestasi,PT akan lebih baik
1308,9/3/2019 19:05:02,Dosen,> 40 th,Edy Tri Baskoro (FMIPA-MA),Keberhasilan dan prestasi,
1360,9/3/2019 21:07:10,Pegawai / Tendik,> 40 th,Edy Tri Baskoro (FMIPA-MA),Kapabilitas ybs utk memajukan riset dan industri RI,Menjadikan ITB lbih hebat
1366,9/3/2019 21:55:17,Mahasiswa,< 25 th,Edy Tri Baskoro (FMIPA-MA),Kecerdasan dan keberanian utk kemajuan ITB,Semoga terpilih jd rektor itb
1367,9/3/2019 21:56:25,Mahasiswa,< 25 th,Edy Tri Baskoro (FMIPA-MA),Sesuai dengan kriteria kekinian (Rektor 4.0),Bapak Dekan Edy Tri terpilih menjadi Rektor ITB
1378,9/3/2019 22:04:26,Dosen,25 - 40 th,Edy Tri Baskoro (FMIPA-MA),Keberhasilan dan prestasi,Bila pak Edy terpilih menjadi Rektor maka ITB akan semakin MANTAB dan SUKSES  
1379,9/3/2019 22:11:04,Pegawai / Tendik,> 40 th,Edy Tri Baskoro (FMIPA-MA),Akhlak dan budi pekerti,
1380,9/3/2019 22:12:45,Dosen,> 40 th,Edy Tri Baskoro (FMIPA-MA),Akhlak dan budi pekerti,semoga lebih baik
1381,9/3/2019 22:12:55,Mahasiswa,< 25 th,Edy Tri Baskoro (FMIPA-MA),Keberhasilan dan prestasi,Sukses
1383,9/3/2019 22:17:10,Mahasiswa,25 - 40 th,Edy Tri Baskoro (FMIPA-MA),Keberhasilan dan prestasi,
1384,9/3/2019 22:17:48,Mahasiswa,25 - 40 th,Edy Tri Baskoro (FMIPA-MA),Akhlak dan budi pekerti,
1385,9/3/2019 22:19:40,Mahasiswa,< 25 th,Edy Tri Baskoro (FMIPA-MA),Keberhasilan dan prestasi,
1386,9/3/2019 22:20:20,Pegawai / Tendik,25 - 40 th,Edy Tri Baskoro (FMIPA-MA),Keberhasilan dan prestasi,
1387,9/3/2019 22:20:54,Mahasiswa,< 25 th,Edy Tri Baskoro (FMIPA-MA),Keberhasilan dan prestasi,
1388,9/3/2019 22:21:27,Pegawai / Tendik,25 - 40 th,Edy Tri Baskoro (FMIPA-MA),Keberhasilan dan prestasi,Membawa perkembangan ITB
1389,9/3/2019 22:21:28,Dosen,25 - 40 th,Edy Tri Baskoro (FMIPA-MA),Keberhasilan dan prestasi,
1390,9/3/2019 22:22:05,Mahasiswa,25 - 40 th,Edy Tri Baskoro (FMIPA-MA),Kecerdasan dan keberanian utk kemajuan ITB,Membawa dampak positif
1391,9/3/2019 22:22:49,Dosen,> 40 th,Edy Tri Baskoro (FMIPA-MA),Keberhasilan dan prestasi,
1392,9/3/2019 22:22:59,Dosen,25 - 40 th,Edy Tri Baskoro (FMIPA-MA),Kapabilitas ybs utk meningkatkan ranking ITB,Terbaik
1393,9/3/2019 22:23:37,Pegawai / Tendik,25 - 40 th,Edy Tri Baskoro (FMIPA-MA),Keberhasilan dan prestasi,
1394,9/3/2019 22:24:23,Alumni,25 - 40 th,Edy Tri Baskoro (FMIPA-MA),Keberhasilan dan prestasi,
1396,9/3/2019 22:24:46,Alumni,25 - 40 th,Edy Tri Baskoro (FMIPA-MA),Keberhasilan dan prestasi,
1397,9/3/2019 22:25:20,Umum,> 40 th,Edy Tri Baskoro (FMIPA-MA),Keberhasilan dan prestasi,
1398,9/3/2019 22:26:05,Umum,> 40 th,Edy Tri Baskoro (FMIPA-MA),Keberhasilan dan prestasi,
1399,9/3/2019 22:27:14,Umum,25 - 40 th,Edy Tri Baskoro (FMIPA-MA),Keberhasilan dan prestasi,
1438,9/4/2019 6:05:43,Umum,< 25 th,Edy Tri Baskoro (FMIPA-MA),Keberhasilan dan prestasi,
1439,9/4/2019 6:10:03,Umum,< 25 th,Edy Tri Baskoro (FMIPA-MA),Keberhasilan dan prestasi,
1440,9/4/2019 6:10:48,Mahasiswa,25 - 40 th,Edy Tri Baskoro (FMIPA-MA),Muda dan berenergi,
1449,9/4/2019 7:40:13,Mahasiswa,< 25 th,Edy Tri Baskoro (FMIPA-MA),Keberhasilan dan prestasi,
1463,9/4/2019 8:31:43,Umum,> 40 th,Edy Tri Baskoro (FMIPA-MA),Kapabilitas ybs utk meningkatkan ranking ITB,
1490,9/4/2019 9:49:13,Alumni,25 - 40 th,Edy Tri Baskoro (FMIPA-MA),Muda dan berenergi,
1512,9/4/2019 11:42:56,Pegawai / Tendik,25 - 40 th,Edy Tri Baskoro (FMIPA-MA),Muda dan berenergi,ITB semakin Maju! Jaya Selalu!
1528,9/4/2019 13:57:45,Pegawai / Tendik,25 - 40 th,Edy Tri Baskoro (FMIPA-MA),Keberhasilan dan prestasi,
1529,9/4/2019 13:58:07,Pegawai / Tendik,25 - 40 th,Edy Tri Baskoro (FMIPA-MA),Kecerdasan dan keberanian utk kemajuan ITB,
1530,9/4/2019 13:58:25,Pegawai / Tendik,25 - 40 th,Edy Tri Baskoro (FMIPA-MA),Kecerdasan dan keberanian utk kemajuan ITB,
1534,9/4/2019 14:11:13,Pegawai / Tendik,> 40 th,Edy Tri Baskoro (FMIPA-MA),Kecerdasan dan keberanian utk kemajuan ITB,ITB jauh lebih baik dari peringkat sekarang yang selalu di bawah UI...
1600,9/4/2019 17:35:22,Umum,> 40 th,Edy Tri Baskoro (FMIPA-MA),Keberhasilan dan prestasi,-
1604,9/4/2019 17:46:43,Dosen,25 - 40 th,Edy Tri Baskoro (FMIPA-MA),Karakter kepemimpinan dan leadership,
1609,9/4/2019 18:20:42,Umum,> 40 th,Edy Tri Baskoro (FMIPA-MA),Akhlak dan budi pekerti,"Amanah, bukan rektor import"
1611,9/4/2019 18:21:26,Dosen,25 - 40 th,Edy Tri Baskoro (FMIPA-MA),Keberhasilan dan prestasi,Semoga Pak Edy Tri baskoro terpilih sebagai rektor
1612,9/4/2019 18:21:30,Dosen,25 - 40 th,Edy Tri Baskoro (FMIPA-MA),Keberhasilan dan prestasi,Semoga Pak Edy Tri baskoro terpilih sebagai rektor
1616,9/4/2019 18:39:14,Umum,< 25 th,Edy Tri Baskoro (FMIPA-MA),Kecerdasan dan keberanian utk kemajuan ITB,
1618,9/4/2019 18:58:32,Dosen,> 40 th,Edy Tri Baskoro (FMIPA-MA),Tipe yg futuristik dan outside-the-box yg bisa menangkap peluang masa depan,Pak Edy jadi Rektor ITB
1624,9/4/2019 20:14:19,Dosen,25 - 40 th,Edy Tri Baskoro (FMIPA-MA),Muda dan berenergi,
1625,9/4/2019 20:16:17,Umum,> 40 th,Edy Tri Baskoro (FMIPA-MA),Karakter kepemimpinan dan leadership,
1630,9/4/2019 20:50:16,Alumni,> 40 th,Edy Tri Baskoro (FMIPA-MA),Kapabilitas ybs utk memajukan riset dan industri RI,
1632,9/4/2019 21:19:46,Mahasiswa,25 - 40 th,Edy Tri Baskoro (FMIPA-MA),Keberhasilan dan prestasi,ITB meningkat di peringkat internasional
1634,9/4/2019 21:30:01,Mahasiswa,25 - 40 th,Edy Tri Baskoro (FMIPA-MA),Keberhasilan dan prestasi,
1635,9/4/2019 21:34:32,Alumni,> 40 th,Edy Tri Baskoro (FMIPA-MA),Karakter kepemimpinan dan leadership,
1636,9/4/2019 21:44:33,Alumni,25 - 40 th,Edy Tri Baskoro (FMIPA-MA),Keberhasilan dan prestasi,Menjadi rektor ITB selanjutnya
1638,9/4/2019 21:59:20,Mahasiswa,25 - 40 th,Edy Tri Baskoro (FMIPA-MA),Karakter kepemimpinan dan leadership,Sistem otomatisasi secara online untuk mahasiswa lebih dibenahi
1640,9/4/2019 22:23:03,Mahasiswa,25 - 40 th,Edy Tri Baskoro (FMIPA-MA),Karakter kepemimpinan dan leadership,
1641,9/4/2019 22:27:15,Umum,> 40 th,Edy Tri Baskoro (FMIPA-MA),Tipe yg futuristik dan outside-the-box yg bisa menangkap peluang masa depan,Semoga sukses..
1646,9/5/2019 4:49:16,Alumni,> 40 th,Edy Tri Baskoro (FMIPA-MA),Tipe yg futuristik dan outside-the-box yg bisa menangkap peluang masa depan,ITB Semakin maju di level Internasional
1648,9/5/2019 4:58:46,Umum,25 - 40 th,Edy Tri Baskoro (FMIPA-MA),Keberhasilan dan prestasi,Moga Prof. Edi Tri Baskoro terpilih jadi Rektor ITB
1649,9/5/2019 5:51:45,Dosen,> 40 th,Edy Tri Baskoro (FMIPA-MA),Keberhasilan dan prestasi,
1650,9/5/2019 5:52:07,Dosen,> 40 th,Edy Tri Baskoro (FMIPA-MA),Keberhasilan dan prestasi,
1653,9/5/2019 7:01:48,Umum,> 40 th,Edy Tri Baskoro (FMIPA-MA),Akhlak dan budi pekerti,Semoga amanah
1658,9/5/2019 7:22:45,Mahasiswa,25 - 40 th,Edy Tri Baskoro (FMIPA-MA),Kecerdasan dan keberanian utk kemajuan ITB,
1659,9/5/2019 7:23:19,Mahasiswa,25 - 40 th,Edy Tri Baskoro (FMIPA-MA),Keberhasilan dan prestasi,
1669,9/5/2019 8:46:04,Pegawai / Tendik,> 40 th,Edy Tri Baskoro (FMIPA-MA),Karakter kepemimpinan dan leadership,Membawa nama ITB menjadi Perguruan Tinggi di Dunia (World Class University)
1670,9/5/2019 8:47:41,Pegawai / Tendik,25 - 40 th,Edy Tri Baskoro (FMIPA-MA),Karakter kepemimpinan dan leadership,ITB bisa menjadi perguruan tinggi terbaik di indonesia
1672,9/5/2019 8:52:08,Pegawai / Tendik,> 40 th,Edy Tri Baskoro (FMIPA-MA),Program ybs utk peningkatan income dan kesejahteraan dosen / pegawai,Kedepannya Pegawai/Tendik ITB lebih unggul dan sejahtera.
1676,9/5/2019 10:11:58,Dosen,< 25 th,Edy Tri Baskoro (FMIPA-MA),Keberhasilan dan prestasi,
1677,9/5/2019 10:27:46,Umum,25 - 40 th,Edy Tri Baskoro (FMIPA-MA),Keberhasilan dan prestasi,Menjadi rektor yang amanah dan bisa mengangkat prestasi ITB dikancah nasional maupun internasional
1727,9/6/2019 0:40:41,Dosen,> 40 th,Edy Tri Baskoro (FMIPA-MA),Karakter kepemimpinan dan leadership,"ITB lebih maju dan menjadi tulang punggung perkembangan ilmu, aplikasi IPTEK dan inovasi untuk kemaslahatan bangsa dan negara."
1754,9/6/2019 8:06:48,Umum,> 40 th,Edy Tri Baskoro (FMIPA-MA),Kapabilitas ybs utk memajukan riset dan industri RI,
1759,9/6/2019 9:09:03,Pegawai / Tendik,> 40 th,Edy Tri Baskoro (FMIPA-MA),Program ybs utk peningkatan income dan kesejahteraan dosen / pegawai,"kepada Rektor ITb yang terpilih nanti terkait masalah kesejahteraan para pegawainya juga terhadap para dosen dan pegawai yang sudah sekian lama mengabdi agar selalu diperhatikan hak-haknya. Meski dosen bukan karyawan sebagaimana UU tenaga kerja, paling tidak pengabdiannya selama ini perlu diapresiasi oleh pimpinan rektorat. "
1790,9/7/2019 7:41:55,Alumni,> 40 th,Edy Tri Baskoro (FMIPA-MA),Muda dan berenergi,Semoga Jadi
1796,9/7/2019 10:18:01,Dosen,> 40 th,Edy Tri Baskoro (FMIPA-MA),Tipe yg futuristik dan outside-the-box yg bisa menangkap peluang masa depan,Smg dpt mengajukan pendidikan di Indonesia mell mahasiswa ITB
1811,9/8/2019 10:45:28,Alumni,25 - 40 th,Edy Tri Baskoro (FMIPA-MA),Karakter kepemimpinan dan leadership,
1850,9/10/2019 21:41:40,Alumni,> 40 th,Edy Tri Baskoro (FMIPA-MA),Sesuai dengan kriteria kekinian (Rektor 4.0),Itb semakin berprestasi
1854,9/11/2019 10:32:28,Dosen,25 - 40 th,Edy Tri Baskoro (FMIPA-MA),Akhlak dan budi pekerti,Semoga amanah
1883,9/14/2019 14:43:16,Umum,> 40 th,Edy Tri Baskoro (FMIPA-MA),Sesuai dengan kriteria kekinian (Rektor 4.0),Itb tbh lbh jaya
1884,9/14/2019 14:43:19,Umum,25 - 40 th,Edy Tri Baskoro (FMIPA-MA),Karakter kepemimpinan dan leadership,"Semoga lebih baik dari sebelumnya
"
1901,9/14/2019 15:31:36,Umum,25 - 40 th,Edy Tri Baskoro (FMIPA-MA),Keberhasilan dan prestasi,Semoga dipimpin bp Edy Baskoro tambh mantappp universitas nya
1910,9/14/2019 15:47:05,Dosen,> 40 th,Edy Tri Baskoro (FMIPA-MA),Keberhasilan dan prestasi,Semoga terpilih menjadi rektor ITB periode 2020 - 2025
1911,9/14/2019 15:48:26,Umum,> 40 th,Edy Tri Baskoro (FMIPA-MA),Karakter kepemimpinan dan leadership,
1923,9/14/2019 16:21:57,Dosen,25 - 40 th,Edy Tri Baskoro (FMIPA-MA),Kapabilitas ybs utk meningkatkan ranking ITB,
1935,9/14/2019 17:27:30,Alumni,> 40 th,Edy Tri Baskoro (FMIPA-MA),Karakter kepemimpinan dan leadership,
1947,9/14/2019 18:35:25,Umum,25 - 40 th,Edy Tri Baskoro (FMIPA-MA),Kecerdasan dan keberanian utk kemajuan ITB,
1948,9/14/2019 18:36:50,Umum,25 - 40 th,Edy Tri Baskoro (FMIPA-MA),Akhlak dan budi pekerti,
1949,9/14/2019 18:56:28,Umum,> 40 th,Edy Tri Baskoro (FMIPA-MA),Keberhasilan dan prestasi,ITB semakin jaya
1955,9/14/2019 20:00:03,Mahasiswa,< 25 th,Edy Tri Baskoro (FMIPA-MA),Kapabilitas ybs utk memajukan riset dan industri RI,
1958,9/14/2019 20:08:39,Umum,> 40 th,Edy Tri Baskoro (FMIPA-MA),Keberhasilan dan prestasi,Sukses n berhasil
1960,9/14/2019 20:53:54,Umum,> 40 th,Edy Tri Baskoro (FMIPA-MA),Karakter kepemimpinan dan leadership,Terpilih menjadi Rektor ITB
1965,9/14/2019 21:27:31,Pegawai / Tendik,> 40 th,Edy Tri Baskoro (FMIPA-MA),Kapabilitas ybs utk meningkatkan ranking ITB,moga dengan kepemimpinan beliau dpt mengantarkan ITB lebih baik lg dan kesejahteraan karyawan dan dosen lebih baik lagi
1966,9/14/2019 22:18:23,Umum,< 25 th,Edy Tri Baskoro (FMIPA-MA),Kapabilitas ybs utk meningkatkan ranking ITB,
1967,9/14/2019 22:21:05,Umum,< 25 th,Edy Tri Baskoro (FMIPA-MA),Keberhasilan dan prestasi,
1974,9/15/2019 6:37:46,Dosen,25 - 40 th,Edy Tri Baskoro (FMIPA-MA),Keberhasilan dan prestasi,
1976,9/15/2019 7:56:37,Umum,< 25 th,Edy Tri Baskoro (FMIPA-MA),Karakter kepemimpinan dan leadership,
1984,9/15/2019 9:01:53,Umum,> 40 th,Edy Tri Baskoro (FMIPA-MA),Keberhasilan dan prestasi,Membawa ITB lebih maju dan lebih baik 
2008,9/16/2019 10:45:44,Umum,25 - 40 th,Edy Tri Baskoro (FMIPA-MA),Sesuai dengan kriteria kekinian (Rektor 4.0),Semoga Bapak Edy bisa membawa ITB menjadi lebih baik
792,9/3/2019 9:36:53,Alumni,> 40 th,Gusti Ayu Putri Saptawati S (STEI),Tipe yg futuristik dan outside-the-box yg bisa menangkap peluang masa depan,Semoga rektor yang terpilih dapat membawa ITB naik peringkat perguruan tinggi di dunia
801,9/3/2019 9:53:16,Alumni,> 40 th,Gusti Ayu Putri Saptawati S (STEI),Sesuai dengan kriteria kekinian (Rektor 4.0),Dapat membawa ITB untuk memberikan wisudawan2 yg siap mendukung teknologi digital di segala bidang dalam era 4.0.
804,9/3/2019 9:57:07,Alumni,> 40 th,Gusti Ayu Putri Saptawati S (STEI),Tipe yg futuristik dan outside-the-box yg bisa menangkap peluang masa depan,Perlu rektor yg punya visi dan membaca perkembangan yg sangat cepat dan dinamis
842,9/3/2019 10:58:11,Alumni,> 40 th,Gusti Ayu Putri Saptawati S (STEI),Kecerdasan dan keberanian utk kemajuan ITB,
851,9/3/2019 11:08:30,Dosen,> 40 th,Gusti Ayu Putri Saptawati S (STEI),Sesuai dengan kriteria kekinian (Rektor 4.0),"ITB harus tambah maju, berhasil  menyelesaikan masalah dlm negri itb (parkir, kebersihan, ruangan perkuluiahan, kenaikan jab, s/d dana riset dll), juga keluar, sosialisasi hasil2 bagus yg bisa diketengahkan ke masyarakat, dan LN,  bersaing prestasi dlm hub kerma dg luar negeri"
1153,9/3/2019 15:24:33,Alumni,> 40 th,Gusti Ayu Putri Saptawati S (STEI),Sesuai dengan kriteria kekinian (Rektor 4.0),
1154,9/3/2019 15:24:39,Alumni,> 40 th,Gusti Ayu Putri Saptawati S (STEI),Sesuai dengan kriteria kekinian (Rektor 4.0),
1283,9/3/2019 18:42:21,Alumni,25 - 40 th,Gusti Ayu Putri Saptawati S (STEI),"Emansipasi, kesetaraan dan kebhinekaan",
1954,9/14/2019 19:57:22,Alumni,> 40 th,Gusti Ayu Putri Saptawati S (STEI),"Emansipasi, kesetaraan dan kebhinekaan",Itb world class university
7,9/1/2019 8:33:31,Dosen,> 40 th,Jaka Sembiring (STEI),Tipe yg futuristik dan outside-the-box yg bisa menangkap peluang masa depan,Dosen lebih diutamakan dibanding pejabat ITB
13,9/1/2019 12:18:50,Dosen,> 40 th,Jaka Sembiring (STEI),Sesuai dengan kriteria kekinian (Rektor 4.0),"ITB 4.0 yang serba cepat, inovatif dan progresif"
24,9/1/2019 13:59:34,Dosen,> 40 th,Jaka Sembiring (STEI),Kecerdasan dan keberanian utk kemajuan ITB,
201,9/1/2019 19:51:14,Mahasiswa,< 25 th,Jaka Sembiring (STEI),Keberhasilan dan prestasi,
228,9/2/2019 4:37:13,Mahasiswa,25 - 40 th,Jaka Sembiring (STEI),Sesuai dengan kriteria kekinian (Rektor 4.0),ITB makin maju
244,9/2/2019 8:20:41,Dosen,> 40 th,Jaka Sembiring (STEI),Akhlak dan budi pekerti,ITB semakin jaya
300,9/2/2019 11:49:07,Alumni,> 40 th,Jaka Sembiring (STEI),Sesuai dengan kriteria kekinian (Rektor 4.0),menjunjung NKRI
313,9/2/2019 13:20:46,Alumni,> 40 th,Jaka Sembiring (STEI),Sesuai dengan kriteria kekinian (Rektor 4.0),
323,9/2/2019 14:40:30,Alumni,> 40 th,Jaka Sembiring (STEI),Karakter kepemimpinan dan leadership,
471,9/2/2019 18:44:32,Alumni,> 40 th,Jaka Sembiring (STEI),Sesuai dengan kriteria kekinian (Rektor 4.0),ITB selalu terdepan dalam setiap kegiatan kemahasiswaan...
549,9/2/2019 21:27:11,Dosen,> 40 th,Jaka Sembiring (STEI),Muda dan berenergi,ITB be number one
1767,9/6/2019 13:33:02,Alumni,> 40 th,Jaka Sembiring (STEI),Sesuai dengan kriteria kekinian (Rektor 4.0),
1770,9/6/2019 16:24:38,Mahasiswa,25 - 40 th,Jaka Sembiring (STEI),Karakter kepemimpinan dan leadership,
1812,9/8/2019 11:54:48,Alumni,25 - 40 th,Jaka Sembiring (STEI),"Emansipasi, kesetaraan dan kebhinekaan",
1847,9/10/2019 12:14:47,Alumni,> 40 th,Jaka Sembiring (STEI),Tipe yg futuristik dan outside-the-box yg bisa menangkap peluang masa depan,"ITB akan semakin maju dan masuk Top 100 di taraf internasional, menjunjung tinggi moral, humanity dan pluralisme selain di bidang teknologi dan seni."
14,9/1/2019 12:26:02,Dosen,> 40 th,Kadarsah Suryadi (FTI-TI),Keberhasilan dan prestasi,
20,9/1/2019 13:37:04,Pegawai / Tendik,25 - 40 th,Kadarsah Suryadi (FTI-TI),Keberhasilan dan prestasi,
73,9/1/2019 14:51:19,Dosen,> 40 th,Kadarsah Suryadi (FTI-TI),Keberhasilan dan prestasi,
87,9/1/2019 15:07:55,Alumni,25 - 40 th,Kadarsah Suryadi (FTI-TI),Keberhasilan dan prestasi,
112,9/1/2019 15:51:24,Dosen,> 40 th,Kadarsah Suryadi (FTI-TI),Kapabilitas ybs utk meningkatkan ranking ITB,Ok
130,9/1/2019 16:37:36,Alumni,25 - 40 th,Kadarsah Suryadi (FTI-TI),Kapabilitas ybs utk memajukan riset dan industri RI,
165,9/1/2019 17:47:22,Umum,> 40 th,Kadarsah Suryadi (FTI-TI),Tipe yg futuristik dan outside-the-box yg bisa menangkap peluang masa depan,
170,9/1/2019 17:58:38,Dosen,25 - 40 th,Kadarsah Suryadi (FTI-TI),Keberhasilan dan prestasi,
184,9/1/2019 18:21:08,Mahasiswa,> 40 th,Kadarsah Suryadi (FTI-TI),Kapabilitas ybs utk meningkatkan ranking ITB,ITB tetap peringkat 1 PT Indonesia
192,9/1/2019 18:45:14,Mahasiswa,< 25 th,Kadarsah Suryadi (FTI-TI),Sesuai dengan kriteria kekinian (Rektor 4.0),
202,9/1/2019 20:05:02,Mahasiswa,< 25 th,Kadarsah Suryadi (FTI-TI),Keberhasilan dan prestasi,
208,9/1/2019 20:56:24,Umum,> 40 th,Kadarsah Suryadi (FTI-TI),Kapabilitas ybs utk meningkatkan ranking ITB,ITB makin maju
210,9/1/2019 20:59:31,Umum,> 40 th,Kadarsah Suryadi (FTI-TI),Kapabilitas ybs utk meningkatkan ranking ITB,ITB lebih bagus lagi 
212,9/1/2019 21:01:04,Pegawai / Tendik,> 40 th,Kadarsah Suryadi (FTI-TI),Keberhasilan dan prestasi,Lebih bagus lagi ... 
233,9/2/2019 6:38:49,Dosen,25 - 40 th,Kadarsah Suryadi (FTI-TI),Kapabilitas ybs utk memajukan riset dan industri RI,
292,9/2/2019 11:07:11,Alumni,> 40 th,Kadarsah Suryadi (FTI-TI),Karakter kepemimpinan dan leadership,ITB semakin dikenal di dunia international dan dapat terus mendukung kemajuan Indonesia. 
299,9/2/2019 11:48:08,Dosen,> 40 th,Kadarsah Suryadi (FTI-TI),Keberhasilan dan prestasi,
303,9/2/2019 12:20:03,Alumni,> 40 th,Kadarsah Suryadi (FTI-TI),Keberhasilan dan prestasi,
312,9/2/2019 13:04:52,Alumni,25 - 40 th,Kadarsah Suryadi (FTI-TI),Kapabilitas ybs utk meningkatkan ranking ITB,
385,9/2/2019 16:52:27,Alumni,< 25 th,Kadarsah Suryadi (FTI-TI),Karakter kepemimpinan dan leadership,
391,9/2/2019 17:04:06,Pegawai / Tendik,25 - 40 th,Kadarsah Suryadi (FTI-TI),Keberhasilan dan prestasi,Lanjutkan
397,9/2/2019 17:11:06,Alumni,< 25 th,Kadarsah Suryadi (FTI-TI),Keberhasilan dan prestasi,
415,9/2/2019 17:43:43,Dosen,25 - 40 th,Kadarsah Suryadi (FTI-TI),Keberhasilan dan prestasi,
422,9/2/2019 17:49:43,Dosen,25 - 40 th,Kadarsah Suryadi (FTI-TI),Kapabilitas ybs utk memajukan riset dan industri RI,ITB Cirebon menjadi pusat penelitian multidisiplin bidang lingkungan
430,9/2/2019 18:01:22,Dosen,> 40 th,Kadarsah Suryadi (FTI-TI),Kapabilitas ybs utk meningkatkan ranking ITB,Pak kadarsah dapat kembali memimpin itb
462,9/2/2019 18:33:50,Mahasiswa,< 25 th,Kadarsah Suryadi (FTI-TI),Keberhasilan dan prestasi,Yuhu
482,9/2/2019 19:09:47,Alumni,> 40 th,Kadarsah Suryadi (FTI-TI),Keberhasilan dan prestasi,
496,9/2/2019 19:45:29,Alumni,> 40 th,Kadarsah Suryadi (FTI-TI),Sesuai dengan kriteria kekinian (Rektor 4.0),ITB semakin maju.
587,9/3/2019 5:31:37,Dosen,> 40 th,Kadarsah Suryadi (FTI-TI),Karakter kepemimpinan dan leadership,
589,9/3/2019 5:38:52,Alumni,> 40 th,Kadarsah Suryadi (FTI-TI),Kecerdasan dan keberanian utk kemajuan ITB,
614,9/3/2019 6:23:33,Umum,> 40 th,Kadarsah Suryadi (FTI-TI),Keberhasilan dan prestasi,Mempertahankan prestasi ITB no 1 di Indonesia dan bisa  mencapai prestasi dunia yg lebih baik
694,9/3/2019 7:28:32,Alumni,> 40 th,Kadarsah Suryadi (FTI-TI),Akhlak dan budi pekerti,
784,9/3/2019 9:30:40,Dosen,> 40 th,Kadarsah Suryadi (FTI-TI),Keberhasilan dan prestasi,
823,9/3/2019 10:29:06,Mahasiswa,25 - 40 th,Kadarsah Suryadi (FTI-TI),Kapabilitas ybs utk memajukan riset dan industri RI,Semoga bisa membawa rangking itb masuk 10 besar dunia
848,9/3/2019 11:07:40,Dosen,> 40 th,Kadarsah Suryadi (FTI-TI),Keberhasilan dan prestasi,
849,9/3/2019 11:08:16,Pegawai / Tendik,> 40 th,Kadarsah Suryadi (FTI-TI),Keberhasilan dan prestasi,ITB menjadi lebih baik
850,9/3/2019 11:08:18,Umum,> 40 th,Kadarsah Suryadi (FTI-TI),Akhlak dan budi pekerti,
852,9/3/2019 11:09:16,Alumni,> 40 th,Kadarsah Suryadi (FTI-TI),Sesuai dengan kriteria kekinian (Rektor 4.0),
853,9/3/2019 11:10:56,Alumni,> 40 th,Kadarsah Suryadi (FTI-TI),Sesuai dengan kriteria kekinian (Rektor 4.0),Sinergi ITB dengan dunia usaha dan industri
854,9/3/2019 11:13:53,Dosen,> 40 th,Kadarsah Suryadi (FTI-TI),Keberhasilan dan prestasi,
855,9/3/2019 11:13:57,Umum,> 40 th,Kadarsah Suryadi (FTI-TI),Akhlak dan budi pekerti,ITB sebagai lembaga penghasil SDA berkualitas di Indonesia
856,9/3/2019 11:14:21,Pegawai / Tendik,> 40 th,Kadarsah Suryadi (FTI-TI),Program ybs utk peningkatan income dan kesejahteraan dosen / pegawai,
857,9/3/2019 11:14:33,Alumni,> 40 th,Kadarsah Suryadi (FTI-TI),Kapabilitas ybs utk memajukan riset dan industri RI,ITB peringkat 1 Indonesia
858,9/3/2019 11:14:54,Mahasiswa,25 - 40 th,Kadarsah Suryadi (FTI-TI),Sesuai dengan kriteria kekinian (Rektor 4.0),
859,9/3/2019 11:15:19,Alumni,25 - 40 th,Kadarsah Suryadi (FTI-TI),Akhlak dan budi pekerti,
860,9/3/2019 11:15:49,Umum,> 40 th,Kadarsah Suryadi (FTI-TI),Kecerdasan dan keberanian utk kemajuan ITB,
861,9/3/2019 11:16:38,Pegawai / Tendik,25 - 40 th,Kadarsah Suryadi (FTI-TI),Program ybs utk peningkatan income dan kesejahteraan dosen / pegawai,
862,9/3/2019 11:16:52,Dosen,25 - 40 th,Kadarsah Suryadi (FTI-TI),Sesuai dengan kriteria kekinian (Rektor 4.0),
863,9/3/2019 11:17:32,Pegawai / Tendik,25 - 40 th,Kadarsah Suryadi (FTI-TI),Karakter kepemimpinan dan leadership,
865,9/3/2019 11:18:07,Mahasiswa,25 - 40 th,Kadarsah Suryadi (FTI-TI),Muda dan berenergi,
866,9/3/2019 11:18:37,Umum,> 40 th,Kadarsah Suryadi (FTI-TI),Program ybs utk peningkatan income dan kesejahteraan dosen / pegawai,
867,9/3/2019 11:18:55,Alumni,> 40 th,Kadarsah Suryadi (FTI-TI),Tipe yg futuristik dan outside-the-box yg bisa menangkap peluang masa depan,
869,9/3/2019 11:20:44,Alumni,> 40 th,Kadarsah Suryadi (FTI-TI),Kapabilitas ybs utk memajukan riset dan industri RI,
870,9/3/2019 11:22:03,Alumni,25 - 40 th,Kadarsah Suryadi (FTI-TI),"Mendatangkan dana riset dan kerjasama eksternal, dalam dan luar negeri",ITB lebih mudah diakses calon mahasiswa tidak mampu
873,9/3/2019 11:26:59,Pegawai / Tendik,> 40 th,Kadarsah Suryadi (FTI-TI),Program ybs utk peningkatan income dan kesejahteraan dosen / pegawai,Semoga dengan terpilihnya yang ke dua kali kesejahteraan Tendik ITB lebih sejahtera. Aamiin YRA....
875,9/3/2019 11:29:13,Umum,25 - 40 th,Kadarsah Suryadi (FTI-TI),Karakter kepemimpinan dan leadership,masuk peringkat universitas terbaik internasional
876,9/3/2019 11:30:25,Pegawai / Tendik,> 40 th,Kadarsah Suryadi (FTI-TI),Program ybs utk peningkatan income dan kesejahteraan dosen / pegawai,ITB menjadi lebih maju
881,9/3/2019 11:36:14,Dosen,> 40 th,Kadarsah Suryadi (FTI-TI),Karakter kepemimpinan dan leadership,
882,9/3/2019 11:36:36,Pegawai / Tendik,25 - 40 th,Kadarsah Suryadi (FTI-TI),Program ybs utk peningkatan income dan kesejahteraan dosen / pegawai,
883,9/3/2019 11:37:06,Mahasiswa,< 25 th,Kadarsah Suryadi (FTI-TI),Sesuai dengan kriteria kekinian (Rektor 4.0),
884,9/3/2019 11:37:30,Alumni,> 40 th,Kadarsah Suryadi (FTI-TI),Kapabilitas ybs utk memajukan riset dan industri RI,Banyak produk riset ITB di dunia Industri
885,9/3/2019 11:37:31,Alumni,25 - 40 th,Kadarsah Suryadi (FTI-TI),Keberhasilan dan prestasi,
886,9/3/2019 11:37:53,Umum,> 40 th,Kadarsah Suryadi (FTI-TI),Keberhasilan dan prestasi,
888,9/3/2019 11:40:08,Pegawai / Tendik,> 40 th,Kadarsah Suryadi (FTI-TI),Program ybs utk peningkatan income dan kesejahteraan dosen / pegawai,"Mudah2 an dengan terpilihnya beliau yang ke dua kali, ITB reputasinya semakin maju dan disegani baik taraf nasional dan internasional. Juga tak lupa kesejahteraan tendik lebih di tingkatkan lagi sistem remunerasinya. Mudah-mudahan take home pay tendik ITB semakin layak sehingga kesejahteraan lebih terjamin. Aamiin YRA."
889,9/3/2019 11:40:59,Pegawai / Tendik,25 - 40 th,Kadarsah Suryadi (FTI-TI),Program ybs utk peningkatan income dan kesejahteraan dosen / pegawai,Pegawai jadi lebih sejahtera
891,9/3/2019 11:45:29,Pegawai / Tendik,25 - 40 th,Kadarsah Suryadi (FTI-TI),Program ybs utk peningkatan income dan kesejahteraan dosen / pegawai,
892,9/3/2019 11:45:52,Mahasiswa,< 25 th,Kadarsah Suryadi (FTI-TI),Sesuai dengan kriteria kekinian (Rektor 4.0),
895,9/3/2019 11:48:34,Pegawai / Tendik,25 - 40 th,Kadarsah Suryadi (FTI-TI),Program ybs utk peningkatan income dan kesejahteraan dosen / pegawai,
896,9/3/2019 11:48:53,Umum,> 40 th,Kadarsah Suryadi (FTI-TI),Sesuai dengan kriteria kekinian (Rektor 4.0),Semoga ITB dapat menjadi yang terbaik di taraf nasional dan internasional
918,9/3/2019 12:19:55,Dosen,> 40 th,Kadarsah Suryadi (FTI-TI),Keberhasilan dan prestasi,Semoga itb makin jaya
920,9/3/2019 12:21:35,Alumni,25 - 40 th,Kadarsah Suryadi (FTI-TI),Sesuai dengan kriteria kekinian (Rektor 4.0),"SDM ITB harus lebih siap dengan revolusi industrj 4.0, saya yakin p kadarsah bisa!!"
941,9/3/2019 13:21:02,Dosen,> 40 th,Kadarsah Suryadi (FTI-TI),Karakter kepemimpinan dan leadership,
942,9/3/2019 13:21:29,Pegawai / Tendik,> 40 th,Kadarsah Suryadi (FTI-TI),Program ybs utk peningkatan income dan kesejahteraan dosen / pegawai,
943,9/3/2019 13:21:51,Mahasiswa,< 25 th,Kadarsah Suryadi (FTI-TI),Sesuai dengan kriteria kekinian (Rektor 4.0),
944,9/3/2019 13:21:57,Pegawai / Tendik,> 40 th,Kadarsah Suryadi (FTI-TI),Program ybs utk peningkatan income dan kesejahteraan dosen / pegawai,
945,9/3/2019 13:22:18,Alumni,> 40 th,Kadarsah Suryadi (FTI-TI),Kapabilitas ybs utk meningkatkan ranking ITB,
947,9/3/2019 13:22:26,Alumni,> 40 th,Kadarsah Suryadi (FTI-TI),Akhlak dan budi pekerti,
948,9/3/2019 13:22:40,Umum,25 - 40 th,Kadarsah Suryadi (FTI-TI),Keberhasilan dan prestasi,
949,9/3/2019 13:22:47,Pegawai / Tendik,> 40 th,Kadarsah Suryadi (FTI-TI),Kapabilitas ybs utk meningkatkan ranking ITB,
950,9/3/2019 13:22:52,Pegawai / Tendik,25 - 40 th,Kadarsah Suryadi (FTI-TI),Sesuai dengan kriteria kekinian (Rektor 4.0),
951,9/3/2019 13:23:32,Pegawai / Tendik,> 40 th,Kadarsah Suryadi (FTI-TI),Tipe yg futuristik dan outside-the-box yg bisa menangkap peluang masa depan,ITB no. 1 di Indonesia
952,9/3/2019 13:24:02,Mahasiswa,< 25 th,Kadarsah Suryadi (FTI-TI),Sesuai dengan kriteria kekinian (Rektor 4.0),SPP turun
953,9/3/2019 13:24:05,Dosen,> 40 th,Kadarsah Suryadi (FTI-TI),Kecerdasan dan keberanian utk kemajuan ITB,
954,9/3/2019 13:24:24,Pegawai / Tendik,> 40 th,Kadarsah Suryadi (FTI-TI),Keberhasilan dan prestasi,
955,9/3/2019 13:24:35,Umum,25 - 40 th,Kadarsah Suryadi (FTI-TI),Keberhasilan dan prestasi,ITB makin berkembang
957,9/3/2019 13:24:53,Mahasiswa,< 25 th,Kadarsah Suryadi (FTI-TI),Tipe yg futuristik dan outside-the-box yg bisa menangkap peluang masa depan,
958,9/3/2019 13:24:57,Umum,25 - 40 th,Kadarsah Suryadi (FTI-TI),Kecerdasan dan keberanian utk kemajuan ITB,
959,9/3/2019 13:25:14,Alumni,> 40 th,Kadarsah Suryadi (FTI-TI),Keberhasilan dan prestasi,
960,9/3/2019 13:25:28,Umum,< 25 th,Kadarsah Suryadi (FTI-TI),Sesuai dengan kriteria kekinian (Rektor 4.0),Gampang masuk ITB
961,9/3/2019 13:25:39,Umum,25 - 40 th,Kadarsah Suryadi (FTI-TI),Sesuai dengan kriteria kekinian (Rektor 4.0),
962,9/3/2019 13:26:05,Pegawai / Tendik,25 - 40 th,Kadarsah Suryadi (FTI-TI),Program ybs utk peningkatan income dan kesejahteraan dosen / pegawai,Tunjangan kinerja pegawai bertambah
966,9/3/2019 13:28:15,Mahasiswa,< 25 th,Kadarsah Suryadi (FTI-TI),Kapabilitas ybs utk memajukan riset dan industri RI,makin bersinergi dengan dunia usaha sehingga lulusan ITB mudah mendapatkan pekerjaan
968,9/3/2019 13:29:08,Alumni,> 40 th,Kadarsah Suryadi (FTI-TI),Akhlak dan budi pekerti,ITB syariah
969,9/3/2019 13:29:51,Pegawai / Tendik,> 40 th,Kadarsah Suryadi (FTI-TI),Program ybs utk peningkatan income dan kesejahteraan dosen / pegawai,ada Tunjangan Kinerja
971,9/3/2019 13:30:11,Alumni,> 40 th,Kadarsah Suryadi (FTI-TI),Kapabilitas ybs utk memajukan riset dan industri RI,
972,9/3/2019 13:30:25,Pegawai / Tendik,> 40 th,Kadarsah Suryadi (FTI-TI),Program ybs utk peningkatan income dan kesejahteraan dosen / pegawai,
973,9/3/2019 13:30:32,Alumni,> 40 th,Kadarsah Suryadi (FTI-TI),Karakter kepemimpinan dan leadership,
974,9/3/2019 13:30:50,Pegawai / Tendik,25 - 40 th,Kadarsah Suryadi (FTI-TI),Program ybs utk peningkatan income dan kesejahteraan dosen / pegawai,
975,9/3/2019 13:31:02,Umum,> 40 th,Kadarsah Suryadi (FTI-TI),"Mendatangkan dana riset dan kerjasama eksternal, dalam dan luar negeri",
977,9/3/2019 13:32:21,Pegawai / Tendik,> 40 th,Kadarsah Suryadi (FTI-TI),Program ybs utk peningkatan income dan kesejahteraan dosen / pegawai,
978,9/3/2019 13:33:06,Alumni,25 - 40 th,Kadarsah Suryadi (FTI-TI),Akhlak dan budi pekerti,
979,9/3/2019 13:33:13,Dosen,> 40 th,Kadarsah Suryadi (FTI-TI),Keberhasilan dan prestasi,
980,9/3/2019 13:33:28,Pegawai / Tendik,> 40 th,Kadarsah Suryadi (FTI-TI),Keberhasilan dan prestasi,
981,9/3/2019 13:33:49,Pegawai / Tendik,25 - 40 th,Kadarsah Suryadi (FTI-TI),Muda dan berenergi,
982,9/3/2019 13:33:49,Umum,> 40 th,Kadarsah Suryadi (FTI-TI),Kapabilitas ybs utk meningkatkan ranking ITB,
983,9/3/2019 13:34:23,Mahasiswa,> 40 th,Kadarsah Suryadi (FTI-TI),"Mendatangkan dana riset dan kerjasama eksternal, dalam dan luar negeri",
984,9/3/2019 13:34:42,Mahasiswa,< 25 th,Kadarsah Suryadi (FTI-TI),"Emansipasi, kesetaraan dan kebhinekaan",
985,9/3/2019 13:35:02,Mahasiswa,< 25 th,Kadarsah Suryadi (FTI-TI),Keberhasilan dan prestasi,Ijazah ITB diakui secara Internasional
986,9/3/2019 13:35:19,Alumni,> 40 th,Kadarsah Suryadi (FTI-TI),Akhlak dan budi pekerti,
987,9/3/2019 13:35:44,Pegawai / Tendik,> 40 th,Kadarsah Suryadi (FTI-TI),Program ybs utk peningkatan income dan kesejahteraan dosen / pegawai,Semoga tendik ITB semakin sejahtera sistem remunerasinya semakin meningkat
988,9/3/2019 13:35:56,Umum,> 40 th,Kadarsah Suryadi (FTI-TI),Akhlak dan budi pekerti,
989,9/3/2019 13:36:17,Pegawai / Tendik,25 - 40 th,Kadarsah Suryadi (FTI-TI),Kecerdasan dan keberanian utk kemajuan ITB,ITB semakin berkembang
990,9/3/2019 13:36:37,Dosen,25 - 40 th,Kadarsah Suryadi (FTI-TI),Program ybs utk peningkatan income dan kesejahteraan dosen / pegawai,
991,9/3/2019 13:37:12,Pegawai / Tendik,> 40 th,Kadarsah Suryadi (FTI-TI),Sesuai dengan kriteria kekinian (Rektor 4.0),
992,9/3/2019 13:37:42,Alumni,> 40 th,Kadarsah Suryadi (FTI-TI),Kapabilitas ybs utk meningkatkan ranking ITB,
993,9/3/2019 13:38:13,Umum,25 - 40 th,Kadarsah Suryadi (FTI-TI),Muda dan berenergi,
994,9/3/2019 13:38:28,Umum,25 - 40 th,Kadarsah Suryadi (FTI-TI),Kapabilitas ybs utk memajukan riset dan industri RI,
995,9/3/2019 13:38:39,Alumni,> 40 th,Kadarsah Suryadi (FTI-TI),Kapabilitas ybs utk meningkatkan ranking ITB,
996,9/3/2019 13:39:09,Umum,< 25 th,Kadarsah Suryadi (FTI-TI),Akhlak dan budi pekerti,"lulus ITB, amiiin ..."
999,9/3/2019 13:41:06,Pegawai / Tendik,< 25 th,Kadarsah Suryadi (FTI-TI),Karakter kepemimpinan dan leadership,
1001,9/3/2019 13:42:48,Pegawai / Tendik,< 25 th,Kadarsah Suryadi (FTI-TI),Kapabilitas ybs utk meningkatkan ranking ITB,
1002,9/3/2019 13:43:17,Pegawai / Tendik,> 40 th,Kadarsah Suryadi (FTI-TI),Program ybs utk peningkatan income dan kesejahteraan dosen / pegawai,
1004,9/3/2019 13:43:33,Pegawai / Tendik,> 40 th,Kadarsah Suryadi (FTI-TI),Program ybs utk peningkatan income dan kesejahteraan dosen / pegawai,
1005,9/3/2019 13:43:41,Umum,25 - 40 th,Kadarsah Suryadi (FTI-TI),Keberhasilan dan prestasi,
1006,9/3/2019 13:44:42,Pegawai / Tendik,25 - 40 th,Kadarsah Suryadi (FTI-TI),Sesuai dengan kriteria kekinian (Rektor 4.0),
1007,9/3/2019 13:45:41,Umum,25 - 40 th,Kadarsah Suryadi (FTI-TI),Sesuai dengan kriteria kekinian (Rektor 4.0),
1008,9/3/2019 13:45:41,Pegawai / Tendik,> 40 th,Kadarsah Suryadi (FTI-TI),Program ybs utk peningkatan income dan kesejahteraan dosen / pegawai,Remunerasi Tendik semakin tinggi agar sejahtera minimal punya rumah sendiri
1010,9/3/2019 13:47:48,Umum,> 40 th,Kadarsah Suryadi (FTI-TI),Muda dan berenergi,
1012,9/3/2019 13:51:46,Dosen,> 40 th,Kadarsah Suryadi (FTI-TI),Karakter kepemimpinan dan leadership,
1013,9/3/2019 13:52:07,Dosen,25 - 40 th,Kadarsah Suryadi (FTI-TI),Sesuai dengan kriteria kekinian (Rektor 4.0),
1014,9/3/2019 13:52:37,Dosen,> 40 th,Kadarsah Suryadi (FTI-TI),Karakter kepemimpinan dan leadership,
1015,9/3/2019 13:52:55,Dosen,> 40 th,Kadarsah Suryadi (FTI-TI),Keberhasilan dan prestasi,
1016,9/3/2019 13:53:15,Dosen,> 40 th,Kadarsah Suryadi (FTI-TI),Akhlak dan budi pekerti,
1017,9/3/2019 13:53:28,Umum,> 40 th,Kadarsah Suryadi (FTI-TI),Keberhasilan dan prestasi,
1018,9/3/2019 13:53:36,Alumni,> 40 th,Kadarsah Suryadi (FTI-TI),Kapabilitas ybs utk meningkatkan ranking ITB,
1019,9/3/2019 13:53:55,Alumni,25 - 40 th,Kadarsah Suryadi (FTI-TI),Sesuai dengan kriteria kekinian (Rektor 4.0),
1020,9/3/2019 13:54:06,Umum,25 - 40 th,Kadarsah Suryadi (FTI-TI),Karakter kepemimpinan dan leadership,
1021,9/3/2019 13:54:18,Alumni,25 - 40 th,Kadarsah Suryadi (FTI-TI),Sesuai dengan kriteria kekinian (Rektor 4.0),
1022,9/3/2019 13:54:37,Alumni,> 40 th,Kadarsah Suryadi (FTI-TI),Karakter kepemimpinan dan leadership,
1023,9/3/2019 13:54:57,Umum,> 40 th,Kadarsah Suryadi (FTI-TI),Keberhasilan dan prestasi,
1025,9/3/2019 13:55:19,Umum,> 40 th,Kadarsah Suryadi (FTI-TI),Kapabilitas ybs utk meningkatkan ranking ITB,
1026,9/3/2019 13:55:22,Alumni,> 40 th,Kadarsah Suryadi (FTI-TI),Keberhasilan dan prestasi,
1027,9/3/2019 13:55:38,Umum,> 40 th,Kadarsah Suryadi (FTI-TI),Kecerdasan dan keberanian utk kemajuan ITB,
1029,9/3/2019 13:56:09,Umum,> 40 th,Kadarsah Suryadi (FTI-TI),Keberhasilan dan prestasi,
1030,9/3/2019 13:57:46,Umum,> 40 th,Kadarsah Suryadi (FTI-TI),Kecerdasan dan keberanian utk kemajuan ITB,
1031,9/3/2019 13:58:12,Alumni,> 40 th,Kadarsah Suryadi (FTI-TI),Karakter kepemimpinan dan leadership,
1032,9/3/2019 13:58:19,Umum,> 40 th,Kadarsah Suryadi (FTI-TI),Muda dan berenergi,
1034,9/3/2019 13:59:25,Mahasiswa,< 25 th,Kadarsah Suryadi (FTI-TI),Kapabilitas ybs utk meningkatkan ranking ITB,
1035,9/3/2019 13:59:50,Alumni,> 40 th,Kadarsah Suryadi (FTI-TI),Sesuai dengan kriteria kekinian (Rektor 4.0),
1038,9/3/2019 14:00:23,Pegawai / Tendik,> 40 th,Kadarsah Suryadi (FTI-TI),Program ybs utk peningkatan income dan kesejahteraan dosen / pegawai,bisa lebih mensejahterakan tendik
1039,9/3/2019 14:01:45,Pegawai / Tendik,25 - 40 th,Kadarsah Suryadi (FTI-TI),Karakter kepemimpinan dan leadership,lebih memperhatikan masa depan tendik
1040,9/3/2019 14:04:23,Alumni,> 40 th,Kadarsah Suryadi (FTI-TI),Sesuai dengan kriteria kekinian (Rektor 4.0),
1041,9/3/2019 14:04:46,Pegawai / Tendik,25 - 40 th,Kadarsah Suryadi (FTI-TI),Program ybs utk peningkatan income dan kesejahteraan dosen / pegawai,
1042,9/3/2019 14:05:10,Pegawai / Tendik,> 40 th,Kadarsah Suryadi (FTI-TI),Program ybs utk peningkatan income dan kesejahteraan dosen / pegawai,Mudah2 an Tendik ITB sejahtera dengan meningkatkan remunerasinya
1043,9/3/2019 14:05:12,Pegawai / Tendik,> 40 th,Kadarsah Suryadi (FTI-TI),Keberhasilan dan prestasi,
1044,9/3/2019 14:05:34,Mahasiswa,< 25 th,Kadarsah Suryadi (FTI-TI),Sesuai dengan kriteria kekinian (Rektor 4.0),
1045,9/3/2019 14:05:56,Umum,> 40 th,Kadarsah Suryadi (FTI-TI),Keberhasilan dan prestasi,
1046,9/3/2019 14:06:38,Mahasiswa,25 - 40 th,Kadarsah Suryadi (FTI-TI),Kecerdasan dan keberanian utk kemajuan ITB,
1047,9/3/2019 14:06:56,Mahasiswa,25 - 40 th,Kadarsah Suryadi (FTI-TI),Kecerdasan dan keberanian utk kemajuan ITB,
1048,9/3/2019 14:07:13,Mahasiswa,25 - 40 th,Kadarsah Suryadi (FTI-TI),Keberhasilan dan prestasi,
1049,9/3/2019 14:07:39,Mahasiswa,25 - 40 th,Kadarsah Suryadi (FTI-TI),Kapabilitas ybs utk meningkatkan ranking ITB,
1050,9/3/2019 14:07:59,Mahasiswa,25 - 40 th,Kadarsah Suryadi (FTI-TI),Keberhasilan dan prestasi,
1064,9/3/2019 14:34:39,Alumni,25 - 40 th,Kadarsah Suryadi (FTI-TI),Keberhasilan dan prestasi,
1065,9/3/2019 14:35:08,Alumni,> 40 th,Kadarsah Suryadi (FTI-TI),Kecerdasan dan keberanian utk kemajuan ITB,
1066,9/3/2019 14:35:26,Alumni,< 25 th,Kadarsah Suryadi (FTI-TI),Sesuai dengan kriteria kekinian (Rektor 4.0),
1068,9/3/2019 14:35:44,Alumni,< 25 th,Kadarsah Suryadi (FTI-TI),Sesuai dengan kriteria kekinian (Rektor 4.0),
1070,9/3/2019 14:36:04,Alumni,< 25 th,Kadarsah Suryadi (FTI-TI),Sesuai dengan kriteria kekinian (Rektor 4.0),
1071,9/3/2019 14:36:23,Umum,> 40 th,Kadarsah Suryadi (FTI-TI),Keberhasilan dan prestasi,
1072,9/3/2019 14:36:42,Umum,> 40 th,Kadarsah Suryadi (FTI-TI),Kapabilitas ybs utk meningkatkan ranking ITB,
1073,9/3/2019 14:37:04,Umum,> 40 th,Kadarsah Suryadi (FTI-TI),Akhlak dan budi pekerti,
1074,9/3/2019 14:37:21,Umum,> 40 th,Kadarsah Suryadi (FTI-TI),Akhlak dan budi pekerti,
1075,9/3/2019 14:37:42,Umum,> 40 th,Kadarsah Suryadi (FTI-TI),Keberhasilan dan prestasi,
1077,9/3/2019 14:39:13,Pegawai / Tendik,25 - 40 th,Kadarsah Suryadi (FTI-TI),Program ybs utk peningkatan income dan kesejahteraan dosen / pegawai,
1078,9/3/2019 14:39:34,Pegawai / Tendik,25 - 40 th,Kadarsah Suryadi (FTI-TI),Keberhasilan dan prestasi,
1079,9/3/2019 14:39:52,Pegawai / Tendik,25 - 40 th,Kadarsah Suryadi (FTI-TI),Keberhasilan dan prestasi,
1080,9/3/2019 14:40:10,Pegawai / Tendik,25 - 40 th,Kadarsah Suryadi (FTI-TI),Keberhasilan dan prestasi,
1081,9/3/2019 14:40:12,Umum,25 - 40 th,Kadarsah Suryadi (FTI-TI),Kapabilitas ybs utk meningkatkan ranking ITB,
1083,9/3/2019 14:40:27,Pegawai / Tendik,25 - 40 th,Kadarsah Suryadi (FTI-TI),Keberhasilan dan prestasi,
1084,9/3/2019 14:40:45,Pegawai / Tendik,> 40 th,Kadarsah Suryadi (FTI-TI),Program ybs utk peningkatan income dan kesejahteraan dosen / pegawai,
1085,9/3/2019 14:41:01,Pegawai / Tendik,> 40 th,Kadarsah Suryadi (FTI-TI),Program ybs utk peningkatan income dan kesejahteraan dosen / pegawai,
1086,9/3/2019 14:41:18,Pegawai / Tendik,> 40 th,Kadarsah Suryadi (FTI-TI),Program ybs utk peningkatan income dan kesejahteraan dosen / pegawai,
1087,9/3/2019 14:41:35,Pegawai / Tendik,> 40 th,Kadarsah Suryadi (FTI-TI),Program ybs utk peningkatan income dan kesejahteraan dosen / pegawai,
1088,9/3/2019 14:41:51,Pegawai / Tendik,> 40 th,Kadarsah Suryadi (FTI-TI),Program ybs utk peningkatan income dan kesejahteraan dosen / pegawai,
1089,9/3/2019 14:42:06,Pegawai / Tendik,> 40 th,Kadarsah Suryadi (FTI-TI),Program ybs utk peningkatan income dan kesejahteraan dosen / pegawai,
1091,9/3/2019 14:43:17,Umum,> 40 th,Kadarsah Suryadi (FTI-TI),Tipe yg futuristik dan outside-the-box yg bisa menangkap peluang masa depan,
1093,9/3/2019 14:43:54,Alumni,> 40 th,Kadarsah Suryadi (FTI-TI),Keberhasilan dan prestasi,
1094,9/3/2019 14:44:18,Mahasiswa,25 - 40 th,Kadarsah Suryadi (FTI-TI),Muda dan berenergi,
1096,9/3/2019 14:44:45,Pegawai / Tendik,25 - 40 th,Kadarsah Suryadi (FTI-TI),Program ybs utk peningkatan income dan kesejahteraan dosen / pegawai,
1097,9/3/2019 14:45:26,Dosen,> 40 th,Kadarsah Suryadi (FTI-TI),"Emansipasi, kesetaraan dan kebhinekaan",
1099,9/3/2019 14:45:58,Dosen,> 40 th,Kadarsah Suryadi (FTI-TI),Sesuai dengan kriteria kekinian (Rektor 4.0),
1101,9/3/2019 14:46:40,Pegawai / Tendik,25 - 40 th,Kadarsah Suryadi (FTI-TI),Kapabilitas ybs utk meningkatkan ranking ITB,
1103,9/3/2019 14:47:09,Alumni,> 40 th,Kadarsah Suryadi (FTI-TI),Kecerdasan dan keberanian utk kemajuan ITB,
1104,9/3/2019 14:47:37,Umum,> 40 th,Kadarsah Suryadi (FTI-TI),Akhlak dan budi pekerti,
1105,9/3/2019 14:48:11,Umum,25 - 40 th,Kadarsah Suryadi (FTI-TI),Akhlak dan budi pekerti,
1108,9/3/2019 14:53:29,Pegawai / Tendik,25 - 40 th,Kadarsah Suryadi (FTI-TI),Program ybs utk peningkatan income dan kesejahteraan dosen / pegawai,
1109,9/3/2019 14:53:49,Pegawai / Tendik,> 40 th,Kadarsah Suryadi (FTI-TI),Program ybs utk peningkatan income dan kesejahteraan dosen / pegawai,
1110,9/3/2019 14:54:32,Pegawai / Tendik,25 - 40 th,Kadarsah Suryadi (FTI-TI),Karakter kepemimpinan dan leadership,
1111,9/3/2019 14:55:01,Mahasiswa,< 25 th,Kadarsah Suryadi (FTI-TI),Keberhasilan dan prestasi,
1112,9/3/2019 14:54:40,Pegawai / Tendik,> 40 th,Kadarsah Suryadi (FTI-TI),Program ybs utk peningkatan income dan kesejahteraan dosen / pegawai,
1113,9/3/2019 14:55:20,Mahasiswa,< 25 th,Kadarsah Suryadi (FTI-TI),Keberhasilan dan prestasi,
1114,9/3/2019 14:55:22,Dosen,> 40 th,Kadarsah Suryadi (FTI-TI),Keberhasilan dan prestasi,
1115,9/3/2019 14:55:38,Mahasiswa,< 25 th,Kadarsah Suryadi (FTI-TI),Keberhasilan dan prestasi,
1116,9/3/2019 14:55:55,Mahasiswa,< 25 th,Kadarsah Suryadi (FTI-TI),Keberhasilan dan prestasi,
1117,9/3/2019 14:56:04,Pegawai / Tendik,> 40 th,Kadarsah Suryadi (FTI-TI),Muda dan berenergi,
1118,9/3/2019 14:56:11,Mahasiswa,< 25 th,Kadarsah Suryadi (FTI-TI),Keberhasilan dan prestasi,
1120,9/3/2019 14:56:29,Mahasiswa,< 25 th,Kadarsah Suryadi (FTI-TI),Sesuai dengan kriteria kekinian (Rektor 4.0),
1121,9/3/2019 14:56:43,Mahasiswa,< 25 th,Kadarsah Suryadi (FTI-TI),Sesuai dengan kriteria kekinian (Rektor 4.0),
1123,9/3/2019 14:56:56,Pegawai / Tendik,> 40 th,Kadarsah Suryadi (FTI-TI),Program ybs utk peningkatan income dan kesejahteraan dosen / pegawai,
1124,9/3/2019 14:56:59,Mahasiswa,< 25 th,Kadarsah Suryadi (FTI-TI),Sesuai dengan kriteria kekinian (Rektor 4.0),
1125,9/3/2019 14:57:14,Mahasiswa,< 25 th,Kadarsah Suryadi (FTI-TI),Sesuai dengan kriteria kekinian (Rektor 4.0),
1126,9/3/2019 14:57:31,Mahasiswa,< 25 th,Kadarsah Suryadi (FTI-TI),Sesuai dengan kriteria kekinian (Rektor 4.0),
1128,9/3/2019 15:04:20,Pegawai / Tendik,25 - 40 th,Kadarsah Suryadi (FTI-TI),Keberhasilan dan prestasi,
1129,9/3/2019 15:05:57,Pegawai / Tendik,> 40 th,Kadarsah Suryadi (FTI-TI),Program ybs utk peningkatan income dan kesejahteraan dosen / pegawai,
1130,9/3/2019 15:06:29,Pegawai / Tendik,> 40 th,Kadarsah Suryadi (FTI-TI),Muda dan berenergi,
1131,9/3/2019 15:06:45,Pegawai / Tendik,25 - 40 th,Kadarsah Suryadi (FTI-TI),Muda dan berenergi,
1132,9/3/2019 15:07:17,Pegawai / Tendik,25 - 40 th,Kadarsah Suryadi (FTI-TI),Kapabilitas ybs utk meningkatkan ranking ITB,
1135,9/3/2019 15:09:02,Pegawai / Tendik,25 - 40 th,Kadarsah Suryadi (FTI-TI),Kecerdasan dan keberanian utk kemajuan ITB,
1138,9/3/2019 15:12:28,Mahasiswa,25 - 40 th,Kadarsah Suryadi (FTI-TI),Kapabilitas ybs utk meningkatkan ranking ITB,
1139,9/3/2019 15:12:35,Pegawai / Tendik,> 40 th,Kadarsah Suryadi (FTI-TI),Kecerdasan dan keberanian utk kemajuan ITB,
1140,9/3/2019 15:13:09,Pegawai / Tendik,25 - 40 th,Kadarsah Suryadi (FTI-TI),Program ybs utk peningkatan income dan kesejahteraan dosen / pegawai,
1141,9/3/2019 15:13:21,Alumni,> 40 th,Kadarsah Suryadi (FTI-TI),Kecerdasan dan keberanian utk kemajuan ITB,
1142,9/3/2019 15:13:56,Umum,> 40 th,Kadarsah Suryadi (FTI-TI),Akhlak dan budi pekerti,
1143,9/3/2019 15:14:47,Dosen,> 40 th,Kadarsah Suryadi (FTI-TI),Keberhasilan dan prestasi,
1144,9/3/2019 15:14:59,Pegawai / Tendik,> 40 th,Kadarsah Suryadi (FTI-TI),Karakter kepemimpinan dan leadership,
1146,9/3/2019 15:15:19,Pegawai / Tendik,> 40 th,Kadarsah Suryadi (FTI-TI),Karakter kepemimpinan dan leadership,
1148,9/3/2019 15:20:33,Alumni,25 - 40 th,Kadarsah Suryadi (FTI-TI),Keberhasilan dan prestasi,
1149,9/3/2019 15:21:03,Alumni,< 25 th,Kadarsah Suryadi (FTI-TI),Muda dan berenergi,
1156,9/3/2019 15:26:17,Umum,25 - 40 th,Kadarsah Suryadi (FTI-TI),Karakter kepemimpinan dan leadership,
1157,9/3/2019 15:27:02,Umum,> 40 th,Kadarsah Suryadi (FTI-TI),Keberhasilan dan prestasi,
1162,9/3/2019 15:34:26,Alumni,25 - 40 th,Kadarsah Suryadi (FTI-TI),Kapabilitas ybs utk meningkatkan ranking ITB,
1166,9/3/2019 15:54:44,Mahasiswa,< 25 th,Kadarsah Suryadi (FTI-TI),Kapabilitas ybs utk memajukan riset dan industri RI,
1168,9/3/2019 15:55:40,Alumni,> 40 th,Kadarsah Suryadi (FTI-TI),Kapabilitas ybs utk meningkatkan ranking ITB,
1171,9/3/2019 15:59:58,Umum,> 40 th,Kadarsah Suryadi (FTI-TI),Keberhasilan dan prestasi,
1174,9/3/2019 16:06:43,Umum,> 40 th,Kadarsah Suryadi (FTI-TI),Kecerdasan dan keberanian utk kemajuan ITB,
1190,9/3/2019 16:42:14,Pegawai / Tendik,25 - 40 th,Kadarsah Suryadi (FTI-TI),Akhlak dan budi pekerti,
1225,9/3/2019 17:34:39,Alumni,< 25 th,Kadarsah Suryadi (FTI-TI),Karakter kepemimpinan dan leadership,
1226,9/3/2019 17:35:06,Mahasiswa,< 25 th,Kadarsah Suryadi (FTI-TI),Keberhasilan dan prestasi,
1227,9/3/2019 17:35:31,Alumni,< 25 th,Kadarsah Suryadi (FTI-TI),Sesuai dengan kriteria kekinian (Rektor 4.0),
1228,9/3/2019 17:36:01,Alumni,< 25 th,Kadarsah Suryadi (FTI-TI),Kecerdasan dan keberanian utk kemajuan ITB,
1229,9/3/2019 17:36:28,Alumni,25 - 40 th,Kadarsah Suryadi (FTI-TI),Kapabilitas ybs utk meningkatkan ranking ITB,
1230,9/3/2019 17:37:01,Alumni,25 - 40 th,Kadarsah Suryadi (FTI-TI),Keberhasilan dan prestasi,
1254,9/3/2019 18:17:18,Pegawai / Tendik,25 - 40 th,Kadarsah Suryadi (FTI-TI),Kapabilitas ybs utk memajukan riset dan industri RI,Semoga beliau bs menjadi rektor kembali dan melanjutkan visi dan misi yg blm terlaksana di tahun sebelumnya.
1288,9/3/2019 18:43:47,Mahasiswa,< 25 th,Kadarsah Suryadi (FTI-TI),Sesuai dengan kriteria kekinian (Rektor 4.0),
1290,9/3/2019 18:44:15,Mahasiswa,25 - 40 th,Kadarsah Suryadi (FTI-TI),Sesuai dengan kriteria kekinian (Rektor 4.0),
1291,9/3/2019 18:44:38,Mahasiswa,> 40 th,Kadarsah Suryadi (FTI-TI),Keberhasilan dan prestasi,
1292,9/3/2019 18:45:12,Alumni,< 25 th,Kadarsah Suryadi (FTI-TI),Kapabilitas ybs utk meningkatkan ranking ITB,
1293,9/3/2019 18:45:29,Alumni,25 - 40 th,Kadarsah Suryadi (FTI-TI),Kapabilitas ybs utk meningkatkan ranking ITB,
1294,9/3/2019 18:45:51,Alumni,> 40 th,Kadarsah Suryadi (FTI-TI),Kapabilitas ybs utk meningkatkan ranking ITB,
1295,9/3/2019 18:46:08,Umum,< 25 th,Kadarsah Suryadi (FTI-TI),Keberhasilan dan prestasi,
1296,9/3/2019 18:46:25,Umum,25 - 40 th,Kadarsah Suryadi (FTI-TI),Keberhasilan dan prestasi,
1297,9/3/2019 18:46:41,Umum,> 40 th,Kadarsah Suryadi (FTI-TI),Keberhasilan dan prestasi,
1335,9/3/2019 20:05:16,Mahasiswa,< 25 th,Kadarsah Suryadi (FTI-TI),Sesuai dengan kriteria kekinian (Rektor 4.0),
1336,9/3/2019 20:05:42,Alumni,25 - 40 th,Kadarsah Suryadi (FTI-TI),Kapabilitas ybs utk meningkatkan ranking ITB,
1337,9/3/2019 20:06:01,Umum,> 40 th,Kadarsah Suryadi (FTI-TI),Keberhasilan dan prestasi,
1340,9/3/2019 20:10:03,Mahasiswa,25 - 40 th,Kadarsah Suryadi (FTI-TI),Sesuai dengan kriteria kekinian (Rektor 4.0),
1342,9/3/2019 20:19:29,Mahasiswa,> 40 th,Kadarsah Suryadi (FTI-TI),Kapabilitas ybs utk meningkatkan ranking ITB,
1343,9/3/2019 20:19:57,Alumni,25 - 40 th,Kadarsah Suryadi (FTI-TI),Keberhasilan dan prestasi,
1344,9/3/2019 20:20:17,Alumni,> 40 th,Kadarsah Suryadi (FTI-TI),Karakter kepemimpinan dan leadership,
1345,9/3/2019 20:20:40,Umum,25 - 40 th,Kadarsah Suryadi (FTI-TI),Kapabilitas ybs utk meningkatkan ranking ITB,
1346,9/3/2019 20:21:05,Umum,> 40 th,Kadarsah Suryadi (FTI-TI),Karakter kepemimpinan dan leadership,
1356,9/3/2019 20:53:17,Alumni,25 - 40 th,Kadarsah Suryadi (FTI-TI),Sesuai dengan kriteria kekinian (Rektor 4.0),
1362,9/3/2019 21:28:03,Alumni,> 40 th,Kadarsah Suryadi (FTI-TI),Pengalaman ybs,ITB dibuat semakin modern dan meningkat
1368,9/3/2019 21:57:40,Mahasiswa,< 25 th,Kadarsah Suryadi (FTI-TI),Keberhasilan dan prestasi,
1369,9/3/2019 21:58:17,Mahasiswa,25 - 40 th,Kadarsah Suryadi (FTI-TI),Keberhasilan dan prestasi,
1370,9/3/2019 21:58:37,Mahasiswa,> 40 th,Kadarsah Suryadi (FTI-TI),Keberhasilan dan prestasi,
1371,9/3/2019 21:59:07,Alumni,< 25 th,Kadarsah Suryadi (FTI-TI),Kapabilitas ybs utk meningkatkan ranking ITB,
1372,9/3/2019 21:59:29,Alumni,25 - 40 th,Kadarsah Suryadi (FTI-TI),Kapabilitas ybs utk meningkatkan ranking ITB,
1373,9/3/2019 21:59:47,Alumni,> 40 th,Kadarsah Suryadi (FTI-TI),Kapabilitas ybs utk meningkatkan ranking ITB,
1374,9/3/2019 22:00:09,Umum,< 25 th,Kadarsah Suryadi (FTI-TI),Kecerdasan dan keberanian utk kemajuan ITB,
1375,9/3/2019 22:00:29,Umum,25 - 40 th,Kadarsah Suryadi (FTI-TI),Kecerdasan dan keberanian utk kemajuan ITB,
1376,9/3/2019 22:00:47,Umum,> 40 th,Kadarsah Suryadi (FTI-TI),Kecerdasan dan keberanian utk kemajuan ITB,
1425,9/4/2019 4:28:51,Dosen,< 25 th,Kadarsah Suryadi (FTI-TI),Keberhasilan dan prestasi,
1426,9/4/2019 4:29:16,Pegawai / Tendik,< 25 th,Kadarsah Suryadi (FTI-TI),Keberhasilan dan prestasi,
1427,9/4/2019 4:29:48,Mahasiswa,< 25 th,Kadarsah Suryadi (FTI-TI),Sesuai dengan kriteria kekinian (Rektor 4.0),
1428,9/4/2019 4:30:20,Alumni,< 25 th,Kadarsah Suryadi (FTI-TI),Kapabilitas ybs utk meningkatkan ranking ITB,
1429,9/4/2019 4:30:40,Umum,< 25 th,Kadarsah Suryadi (FTI-TI),Kapabilitas ybs utk meningkatkan ranking ITB,
1450,9/4/2019 7:40:37,Umum,> 40 th,Kadarsah Suryadi (FTI-TI),Keberhasilan dan prestasi,
1451,9/4/2019 7:40:57,Alumni,> 40 th,Kadarsah Suryadi (FTI-TI),Akhlak dan budi pekerti,
1452,9/4/2019 7:41:16,Alumni,> 40 th,Kadarsah Suryadi (FTI-TI),Kapabilitas ybs utk memajukan riset dan industri RI,
1453,9/4/2019 7:41:48,Alumni,25 - 40 th,Kadarsah Suryadi (FTI-TI),Kapabilitas ybs utk meningkatkan ranking ITB,ITB WCU
1454,9/4/2019 7:42:16,Umum,< 25 th,Kadarsah Suryadi (FTI-TI),Keberhasilan dan prestasi,lulus ITB 2020
1456,9/4/2019 7:53:02,Dosen,> 40 th,Kadarsah Suryadi (FTI-TI),Program ybs utk peningkatan income dan kesejahteraan dosen / pegawai,Semoga beliau yang terpilih tetap mempertahankan reputasi ITB dan menaikkan kesejahteraan dosen dan pegawai. Aamiin 
1461,9/4/2019 8:29:07,Pegawai / Tendik,25 - 40 th,Kadarsah Suryadi (FTI-TI),Program ybs utk peningkatan income dan kesejahteraan dosen / pegawai,"semoga bisa membawa kesejahteraan untuk pegawai/tendik, sehingga tendik lebih termotivasi untuk bekerja lebih semangat.."
1506,9/4/2019 10:59:30,Alumni,25 - 40 th,Kadarsah Suryadi (FTI-TI),Keberhasilan dan prestasi,
1511,9/4/2019 11:33:16,Mahasiswa,< 25 th,Kadarsah Suryadi (FTI-TI),Akhlak dan budi pekerti,ITB bisa menjadi lebih baik lagi dari segala bidang pendidikan
1513,9/4/2019 12:55:41,Dosen,> 40 th,Kadarsah Suryadi (FTI-TI),Keberhasilan dan prestasi,Itb bisa jadi alat untuk kemajuan bangsa indonesia
1514,9/4/2019 13:00:18,Dosen,25 - 40 th,Kadarsah Suryadi (FTI-TI),Keberhasilan dan prestasi,
1515,9/4/2019 13:00:37,Dosen,> 40 th,Kadarsah Suryadi (FTI-TI),Kecerdasan dan keberanian utk kemajuan ITB,
1516,9/4/2019 13:00:56,Pegawai / Tendik,25 - 40 th,Kadarsah Suryadi (FTI-TI),Program ybs utk peningkatan income dan kesejahteraan dosen / pegawai,
1517,9/4/2019 13:01:14,Pegawai / Tendik,> 40 th,Kadarsah Suryadi (FTI-TI),Program ybs utk peningkatan income dan kesejahteraan dosen / pegawai,
1518,9/4/2019 13:01:37,Mahasiswa,< 25 th,Kadarsah Suryadi (FTI-TI),Sesuai dengan kriteria kekinian (Rektor 4.0),
1519,9/4/2019 13:01:55,Mahasiswa,> 40 th,Kadarsah Suryadi (FTI-TI),Sesuai dengan kriteria kekinian (Rektor 4.0),
1520,9/4/2019 13:02:13,Alumni,25 - 40 th,Kadarsah Suryadi (FTI-TI),Kapabilitas ybs utk meningkatkan ranking ITB,
1521,9/4/2019 13:02:32,Alumni,> 40 th,Kadarsah Suryadi (FTI-TI),Kapabilitas ybs utk meningkatkan ranking ITB,
1522,9/4/2019 13:02:54,Umum,25 - 40 th,Kadarsah Suryadi (FTI-TI),Keberhasilan dan prestasi,
1523,9/4/2019 13:03:14,Umum,> 40 th,Kadarsah Suryadi (FTI-TI),Keberhasilan dan prestasi,
1532,9/4/2019 14:08:29,Pegawai / Tendik,> 40 th,Kadarsah Suryadi (FTI-TI),Karakter kepemimpinan dan leadership,"Semoga menjadi Rektor yang tetap bersahaja, yang memperhatikan semua kalangan, bukan hanya dosen atau mahasiswa, juga pegawai sampai tingkat yang paling bawah."
1536,9/4/2019 14:14:51,Pegawai / Tendik,25 - 40 th,Kadarsah Suryadi (FTI-TI),Keberhasilan dan prestasi,"Semoga jika beliau terpilih kembali, dapat mengemban tanggung jawab yang lebih baik dan selalu lebih memperhatikan seluruh pegawai nya."
1542,9/4/2019 14:34:09,Mahasiswa,25 - 40 th,Kadarsah Suryadi (FTI-TI),Keberhasilan dan prestasi,
1543,9/4/2019 14:34:36,Alumni,> 40 th,Kadarsah Suryadi (FTI-TI),Muda dan berenergi,
1544,9/4/2019 14:35:05,Umum,> 40 th,Kadarsah Suryadi (FTI-TI),Akhlak dan budi pekerti,
1549,9/4/2019 14:44:42,Mahasiswa,25 - 40 th,Kadarsah Suryadi (FTI-TI),Kapabilitas ybs utk meningkatkan ranking ITB,
1553,9/4/2019 14:49:34,Alumni,> 40 th,Kadarsah Suryadi (FTI-TI),Kecerdasan dan keberanian utk kemajuan ITB,
1557,9/4/2019 14:54:22,Mahasiswa,< 25 th,Kadarsah Suryadi (FTI-TI),Keberhasilan dan prestasi,ITB menjadi semakin berkembang terutama di Jatinangor dan Cirebon.
1563,9/4/2019 15:14:21,Umum,> 40 th,Kadarsah Suryadi (FTI-TI),Sesuai dengan kriteria kekinian (Rektor 4.0),
1564,9/4/2019 15:14:42,Alumni,25 - 40 th,Kadarsah Suryadi (FTI-TI),Akhlak dan budi pekerti,
1565,9/4/2019 15:15:00,Mahasiswa,< 25 th,Kadarsah Suryadi (FTI-TI),Sesuai dengan kriteria kekinian (Rektor 4.0),
1566,9/4/2019 15:15:22,Alumni,> 40 th,Kadarsah Suryadi (FTI-TI),Tipe yg futuristik dan outside-the-box yg bisa menangkap peluang masa depan,
1569,9/4/2019 15:15:48,Alumni,25 - 40 th,Kadarsah Suryadi (FTI-TI),"Emansipasi, kesetaraan dan kebhinekaan",
1572,9/4/2019 15:16:17,Alumni,25 - 40 th,Kadarsah Suryadi (FTI-TI),Kecerdasan dan keberanian utk kemajuan ITB,
1573,9/4/2019 15:17:02,Alumni,> 40 th,Kadarsah Suryadi (FTI-TI),Kapabilitas ybs utk meningkatkan ranking ITB,ITB masuk ranking Internasional
1574,9/4/2019 15:17:21,Mahasiswa,< 25 th,Kadarsah Suryadi (FTI-TI),Karakter kepemimpinan dan leadership,
1580,9/4/2019 15:27:04,Pegawai / Tendik,25 - 40 th,Kadarsah Suryadi (FTI-TI),Program ybs utk peningkatan income dan kesejahteraan dosen / pegawai,
1596,9/4/2019 16:43:34,Alumni,> 40 th,Kadarsah Suryadi (FTI-TI),Sesuai dengan kriteria kekinian (Rektor 4.0),
1619,9/4/2019 19:02:25,Mahasiswa,< 25 th,Kadarsah Suryadi (FTI-TI),Muda dan berenergi,
1633,9/4/2019 21:20:29,Umum,> 40 th,Kadarsah Suryadi (FTI-TI),Akuntable,Semoga terpilih rektor terbaik untuk itb
1643,9/4/2019 22:50:48,Umum,> 40 th,Kadarsah Suryadi (FTI-TI),Karakter kepemimpinan dan leadership,Harapan saya yaitu yang bersangkutan dapat membentuk ITB lebih baik dan lebih maju untuk bangsa 
1657,9/5/2019 7:20:56,Pegawai / Tendik,25 - 40 th,Kadarsah Suryadi (FTI-TI),Muda dan berenergi,Penghargaan materiil dan non imateriil kepada supporting staff dibalik layar
1700,9/5/2019 18:42:42,Alumni,25 - 40 th,Kadarsah Suryadi (FTI-TI),Kapabilitas ybs utk memajukan riset dan industri RI,Semoga kontribusi ITB untuk Indonesia semakin nyata.
1760,9/6/2019 9:23:04,Pegawai / Tendik,25 - 40 th,Kadarsah Suryadi (FTI-TI),Program ybs utk peningkatan income dan kesejahteraan dosen / pegawai,peningkatan income dan kesejahteraan dosen / pegawai
1822,9/8/2019 17:25:50,Umum,> 40 th,Kadarsah Suryadi (FTI-TI),Keberhasilan dan prestasi,
1852,9/11/2019 8:51:05,Dosen,> 40 th,Kadarsah Suryadi (FTI-TI),Program ybs utk peningkatan income dan kesejahteraan dosen / pegawai,Rektor ITB ke depan fapat menjadi good father keluarga besar ITB
513,9/2/2019 20:13:02,Umum,> 40 th,Reini D Wirahadikusumah (FTSL),Calon perempuan. Blm pernah ada rektor itb petempuan.,Rektor itb perempuan pertama.
1127,9/3/2019 15:00:41,Dosen,> 40 th,Reini D Wirahadikusumah (FTSL),Muda dan berenergi,
1469,9/4/2019 8:50:22,Umum,> 40 th,Reini D Wirahadikusumah (FTSL),"Emansipasi, kesetaraan dan kebhinekaan",Smg ITB mengedepankan ke bhinekaan 
1809,9/8/2019 9:41:58,Alumni,> 40 th,Reini D Wirahadikusumah (FTSL),Kecerdasan dan keberanian utk kemajuan ITB,
1810,9/8/2019 10:27:56,Alumni,> 40 th,Reini D Wirahadikusumah (FTSL),Tipe yg futuristik dan outside-the-box yg bisa menangkap peluang masa depan,
0,9/1/2019 7:42:45,Dosen,25 - 40 th,Togar M Simatupang (SBM),Program ybs utk peningkatan income dan kesejahteraan dosen / pegawai,
3,9/1/2019 7:58:03,Dosen,> 40 th,Togar M Simatupang (SBM),Program ybs utk peningkatan income dan kesejahteraan dosen / pegawai,ITB yang menjadi teladan aplikasi teknologi pada lini strategis
5,9/1/2019 8:06:24,Dosen,25 - 40 th,Togar M Simatupang (SBM),Sesuai dengan kriteria kekinian (Rektor 4.0),
10,9/1/2019 11:20:58,Dosen,> 40 th,Togar M Simatupang (SBM),Keberhasilan dan prestasi,ITB menjadi universitas yg bs memiliki dampak utk Indonesia khususnya. Bisa mensejahterakan bangsa dengan menghasilkan lulusan yg mandiri dan bisa menghasilkan teknologi yg dirasakan oleh seluruh masyarakat. 
21,9/1/2019 13:44:25,Alumni,> 40 th,Togar M Simatupang (SBM),Sesuai dengan kriteria kekinian (Rektor 4.0),ITB menjadi no.1 di semua kategori
22,9/1/2019 13:45:21,Alumni,> 40 th,Togar M Simatupang (SBM),Sesuai dengan kriteria kekinian (Rektor 4.0),ITB menjadi no.1 di semua kategori
141,9/1/2019 17:12:39,Dosen,> 40 th,Togar M Simatupang (SBM),Kapabilitas urk meningkatkan ranking itb,
461,9/2/2019 18:33:06,Alumni,> 40 th,Togar M Simatupang (SBM),Kecerdasan dan keberanian utk kemajuan ITB,"Rektor terpilih menjadi roll model yg kuat dalam karakter, kecerdasan dan kepemimpinan yang melayani."
703,9/3/2019 7:35:47,Alumni,25 - 40 th,Togar M Simatupang (SBM),Kapabilitas ybs utk memajukan riset dan industri RI,
718,9/3/2019 7:55:43,Umum,> 40 th,Togar M Simatupang (SBM),Keberhasilan dan prestasi,Semoga rektor terpilih menjunjung tinggi kebhinekaan.
721,9/3/2019 7:59:24,Umum,< 25 th,Togar M Simatupang (SBM),Sesuai dengan kriteria kekinian (Rektor 4.0),
802,9/3/2019 9:55:06,Umum,> 40 th,Togar M Simatupang (SBM),"Mendatangkan dana riset dan kerjasama eksternal, dalam dan luar negeri",
1763,9/6/2019 10:31:41,Alumni,> 40 th,Togar M Simatupang (SBM),Karakter kepemimpinan dan leadership,
1892,9/14/2019 14:56:54,Dosen,25 - 40 th,Togar M Simatupang (SBM),Kapabilitas ybs utk meningkatkan ranking ITB,
46,9/1/2019 14:15:31,Alumni,25 - 40 th,Widjaja Martokusumo (SAPPK),Kecerdasan dan keberanian utk kemajuan ITB,"ITB memerlukan rektor yang muda, energik, cerdas, berdedikasi dan beorientasi pada inovasi pada era 4.0"
302,9/2/2019 12:02:59,Dosen,> 40 th,Widjaja Martokusumo (SAPPK),sefakultas,yg terbaik
444,9/2/2019 18:18:21,Umum,< 25 th,Widjaja Martokusumo (SAPPK),Sesuai dengan kriteria kekinian (Rektor 4.0),
484,9/2/2019 19:13:32,Alumni,> 40 th,Widjaja Martokusumo (SAPPK),Kecerdasan dan keberanian utk kemajuan ITB,Semoga dapat membawa ITB lebih maju lagi
593,9/3/2019 5:46:04,Umum,> 40 th,Widjaja Martokusumo (SAPPK),Sesuai dengan kriteria kekinian (Rektor 4.0),Itb msjuuuu
1755,9/6/2019 8:26:11,Alumni,> 40 th,Widjaja Martokusumo (SAPPK),Hampir semua kriteria di atas,"1.Make ITB Great Again..!!!
2.ITB menjadi World Class University (100 top rank)
3. Mengembalikan peran penting Ikatan Alumni ITB dan memperkuat fungsi IA dalam pembangunan Indonesia yg berkelanjutan"
1756,9/6/2019 8:27:57,Dosen,> 40 th,Widjaja Martokusumo (SAPPK),Tipe yg futuristik dan outside-the-box yg bisa menangkap peluang masa depan,Menghasilkan insan alumni ITB yg profesional n berintegritas
1757,9/6/2019 8:32:15,Alumni,> 40 th,Widjaja Martokusumo (SAPPK),Hampir semua kriteria diatas,Itb tetap sekolahnya anak terbaik indonesia...
1774,9/7/2019 5:52:40,Alumni,> 40 th,Widjaja Martokusumo (SAPPK),Kapabilitas ybs utk meningkatkan ranking ITB,
1820,9/8/2019 17:01:46,Dosen,> 40 th,Widjaja Martokusumo (SAPPK),"Mendatangkan dana riset dan kerjasama eksternal, dalam dan luar negeri",ITB semakin berperan dalam menyediakan SDM unggul dlm pembangunan industri teknologi nasiobal yg mandiri dan berkesinbungan.
1821,9/8/2019 17:04:05,Umum,> 40 th,Widjaja Martokusumo (SAPPK),Kapabilitas ybs utk memajukan riset dan industri RI,ITB sebagai pemimpin pendidikan tinggi dan riset nasional
